id;parent_id;code;name;type;user_type
chart_skr49_skr49;;skr49;Deutscher Kontenplan SKR49;view;account.account_type_view;
chart_skr49_K0;chart_skr49_skr49;K0;Aktiva;view;account.account_type_view;
chart_skr49_K1;chart_skr49_skr49;K1;Passiva;view;account.account_type_view;
chart_skr49_K2;chart_skr49_skr49;K2;ideeller Bereich;view;account.account_type_view;
chart_skr49_K3;chart_skr49_skr49;K3;ertragsneutrale Posten;view;account.account_type_view;
chart_skr49_K4;chart_skr49_skr49;K4;Vermögensverwaltung;view;account.account_type_view;
chart_skr49_K6;chart_skr49_skr49;K6;Ertragssteuerfreier Zweckbetrieb;view;account.account_type_view;
chart_skr49_K8;chart_skr49_skr49;K8;Ertragssteuerpflichtiger Zweckbetrieb;view;account.account_type_view;
chart_skr49_K9;chart_skr49_skr49;K9;Statistikkonten;view;account.account_type_view;
chart_skr49_K0G0;chart_skr49_K0;K0G0;Ingangsetzungsaufwand;view;account.account_type_view;
chart_skr49_0002;chart_skr49_K0G0;0002;Ingangsetzungsaufwand und Erweiterungsaufwand;other;account_type_asset_de;
chart_skr49_K0G1;chart_skr49_K0;K0G1;Anlagevermögen;view;account.account_type_view;
chart_skr49_0010;chart_skr49_K0G1;0010;Entgeltlich erworbene Konzessionen, gewerbliche Schutzrechte und ähnliche Rechte und Werte sowie Lizenzen an solchen Rechten und Werten;other;account_type_asset_de;
chart_skr49_0015;chart_skr49_K0G1;0015;Konzessionen;other;account_type_asset_de;
chart_skr49_0020;chart_skr49_K0G1;0020;Gewerbliche Schutzrechte;other;account_type_asset_de;
chart_skr49_0025;chart_skr49_K0G1;0025;Ähnliche Rechte und Werte;other;account_type_asset_de;
chart_skr49_0027;chart_skr49_K0G1;0027;EDV-Software;other;account_type_asset_de;
chart_skr49_0030;chart_skr49_K0G1;0030;Lizenzen an gewerblichen Schutzrechten;other;account_type_asset_de;
chart_skr49_0035;chart_skr49_K0G1;0035;Geschäfts- oder Firmenwert;other;account_type_asset_de;
chart_skr49_0038;chart_skr49_K0G1;0038;Anzahlungen auf Geschäftsoder Firmenwert;other;account_type_asset_de;
chart_skr49_0039;chart_skr49_K0G1;0039;Anzahlungen auf immaterielle Vermögensgegenstände;other;account_type_asset_de;
chart_skr49_0040;chart_skr49_K0G1;0040;Verschmelzungsmehrwert;other;account_type_asset_de;
chart_skr49_0050;chart_skr49_K0G1;0050;Grundstücke unbebaut;other;account_type_asset_de;
chart_skr49_0055;chart_skr49_K0G1;0055;Grundstücke mit Gebäuden bebaut;other;account_type_asset_de;
chart_skr49_0060;chart_skr49_K0G1;0060;Grundstücke mit Anlagen bebaut;other;account_type_asset_de;
chart_skr49_0065;chart_skr49_K0G1;0065;Grundstücke mit Substanzverkehr;other;account_type_asset_de;
chart_skr49_0070;chart_skr49_K0G1;0070;Grundstücksgleiche Rechte;other;account_type_asset_de;
chart_skr49_0100;chart_skr49_K0G1;0100;Gebäude;other;account_type_asset_de;
chart_skr49_0110;chart_skr49_K0G1;0110;Vereinsheim;other;account_type_asset_de;
chart_skr49_0111;chart_skr49_K0G1;0111;Sporthallen;other;account_type_asset_de;
chart_skr49_0112;chart_skr49_K0G1;0112;Sportanlagen;other;account_type_asset_de;
chart_skr49_0120;chart_skr49_K0G1;0120;Vereinsgaststätte;other;account_type_asset_de;
chart_skr49_0125;chart_skr49_K0G1;0125;Sonstige Vereinsgebäude;other;account_type_asset_de;
chart_skr49_0130;chart_skr49_K0G1;0130;Geschäftsbauten;other;account_type_asset_de;
chart_skr49_0135;chart_skr49_K0G1;0135;Fabrikbauten;other;account_type_asset_de;
chart_skr49_0150;chart_skr49_K0G1;0150;Garagen;other;account_type_asset_de;
chart_skr49_0155;chart_skr49_K0G1;0155;Außenanlagen;other;account_type_asset_de;
chart_skr49_0160;chart_skr49_K0G1;0160;Hof- und Wegebefestigungen;other;account_type_asset_de;
chart_skr49_0165;chart_skr49_K0G1;0165;Wohnbauten;other;account_type_asset_de;
chart_skr49_0170;chart_skr49_K0G1;0170;Einrichtungen für Gebäude;other;account_type_asset_de;
chart_skr49_0175;chart_skr49_K0G1;0175;Ausbauten, Anbauten und Zubauten;other;account_type_asset_de;
chart_skr49_0180;chart_skr49_K0G1;0180;Einbauten Pachtgrundstück;other;account_type_asset_de;
chart_skr49_0185;chart_skr49_K0G1;0185;Bauten auf fremden Grundstücken;other;account_type_asset_de;
chart_skr49_0200;chart_skr49_K0G1;0200;Technische Anlagen;other;account_type_asset_de;
chart_skr49_0205;chart_skr49_K0G1;0205;Maschinen;other;account_type_asset_de;
chart_skr49_0210;chart_skr49_K0G1;0210;Betriebsvorrichtungen;other;account_type_asset_de;
chart_skr49_0215;chart_skr49_K0G1;0215;Sportvorrichtungen;other;account_type_asset_de;
chart_skr49_0220;chart_skr49_K0G1;0220;Vereinsheimausstattung;other;account_type_asset_de;
chart_skr49_K0G2;chart_skr49_K0;K0G2;Andere Anlagen, Betriebs- und Geschäftsausstattung;view;account.account_type_view;
chart_skr49_0250;chart_skr49_K0G2;0250;Kraftfahrzeuge, Transportmittel;other;account_type_asset_de;
chart_skr49_0255;chart_skr49_K0G2;0255;PKW;other;account_type_asset_de;
chart_skr49_0260;chart_skr49_K0G2;0260;Anhänger;other;account_type_asset_de;
chart_skr49_0265;chart_skr49_K0G2;0265;Pflegemaschinen;other;account_type_asset_de;
chart_skr49_0300;chart_skr49_K0G2;0300;Vereinsausstattung;other;account_type_asset_de;
chart_skr49_0305;chart_skr49_K0G2;0305;Vereinskleidung;other;account_type_asset_de;
chart_skr49_0310;chart_skr49_K0G2;0310;Sportgeräte;other;account_type_asset_de;
chart_skr49_0315;chart_skr49_K0G2;0315;Werkzeuge;other;account_type_asset_de;
chart_skr49_0320;chart_skr49_K0G2;0320;Büroeinrichtung;other;account_type_asset_de;
chart_skr49_0330;chart_skr49_K0G2;0330;Einrichtung Vereinsheim;other;account_type_asset_de;
chart_skr49_0335;chart_skr49_K0G2;0335;Sonstiges Inventar;other;account_type_asset_de;
chart_skr49_0340;chart_skr49_K0G2;0340;Geringwertige Wirtschaftsgüter ;other;account_type_asset_de;
chart_skr49_0341;chart_skr49_K0G2;0341;Wirtschaftsgüter größer 150 bis 1000 Euro (Sammelposten);other;account_type_asset_de;
chart_skr49_0400;chart_skr49_K0G2;0400;Sonstige Anlagen und Ausstattung;other;account_type_asset_de;
chart_skr49_0405;chart_skr49_K0G2;0405;Betriebsausstattung;other;account_type_asset_de;
chart_skr49_0410;chart_skr49_K0G2;0410;Geschäftsausstattung;other;account_type_asset_de;
chart_skr49_0415;chart_skr49_K0G2;0415;Büroeinrichtung;other;account_type_asset_de;
chart_skr49_0420;chart_skr49_K0G2;0420;Ladeneinrichtung;other;account_type_asset_de;
chart_skr49_0425;chart_skr49_K0G2;0425;Werkzeuge;other;account_type_asset_de;
chart_skr49_0430;chart_skr49_K0G2;0430;Einbauten;other;account_type_asset_de;
chart_skr49_0475;chart_skr49_K0G2;0475;Geringwertige Wirtschaftsgüter;other;account_type_asset_de;
chart_skr49_0476;chart_skr49_K0G2;0476;Wirtschaftsgüter größer 150 bis 1000 Euro (Sammelposten);other;account_type_asset_de;
chart_skr49_0480;chart_skr49_K0G2;0480;Geleistete Anzahlungen Grundstücke/Gebäude;other;account_type_asset_de;
chart_skr49_0485;chart_skr49_K0G2;0485;Gebäude im Bau;other;account_type_asset_de;
chart_skr49_0490;chart_skr49_K0G2;0490;Geleistete Anzahlungen sonstige Sachanlagen;other;account_type_asset_de;
chart_skr49_0495;chart_skr49_K0G2;0495;Sonstige Sachanlagen im Bau;other;account_type_asset_de;
chart_skr49_0500;chart_skr49_K0G2;0500;Anteile an verbundenen Unternehmen;other;account_type_asset_de;
chart_skr49_0504;chart_skr49_K0G2;0504;Anteile an herrschender oder mit Mehrheit beteiligter Gesellschaft (GmbH);other;account_type_asset_de;
chart_skr49_0505;chart_skr49_K0G2;0505;Ausleihungen an verbundene Unternehmen;other;account_type_asset_de;
chart_skr49_0510;chart_skr49_K0G2;0510;Beteiligungen;other;account_type_asset_de;
chart_skr49_0513;chart_skr49_K0G2;0513;Typisch stille Beteiligung;other;account_type_asset_de;
chart_skr49_0516;chart_skr49_K0G2;0516;Atypische stille Beteiligung;other;account_type_asset_de;
chart_skr49_0517;chart_skr49_K0G2;0517;Andere Beteiligungen an Kapitalgesellschaften;other;account_type_asset_de;
chart_skr49_0518;chart_skr49_K0G2;0518;Andere Beteiligungen an Personengesellschaften;other;account_type_asset_de;
chart_skr49_0530;chart_skr49_K0G2;0530;Rechtswerte;other;account_type_asset_de;
chart_skr49_0531;chart_skr49_K0G2;0531;Ablöse bezahlter Sportler;other;account_type_asset_de;
chart_skr49_0533;chart_skr49_K0G2;0533;Ablöse unbezahlter Sportler bis 2556 Euro;other;account_type_asset_de;
chart_skr49_0534;chart_skr49_K0G2;0534;Ablöse unbezahlter Sportler über 2556 Euro;other;account_type_asset_de;
chart_skr49_0540;chart_skr49_K0G2;0540;Ausleihungen an Unternehmen, mit denen ein Beteiligungsverhältnis besteht;other;account_type_asset_de;
chart_skr49_0545;chart_skr49_K0G2;0545;Wertpapiere des Anlagevermögens;other;account_type_asset_de;
chart_skr49_0550;chart_skr49_K0G2;0550;Sonstige Ausleihungen;other;account_type_asset_de;
chart_skr49_0555;chart_skr49_K0G2;0555;Geleistete Kautionen;other;account_type_asset_de;
chart_skr49_0560;chart_skr49_K0G2;0560;Darlehen;other;account_type_asset_de;
chart_skr49_K0G3;chart_skr49_K0;K0G3;Umlaufvermögen;view;account.account_type_view;
chart_skr49_0600;chart_skr49_K0G3;0600;Roh-, Hilfs- und Betriebsstoffe;other;account_type_asset_de;
chart_skr49_0610;chart_skr49_K0G3;0610;Unfertige Erzeugnisse und Leistungen;other;account_type_asset_de;
chart_skr49_0620;chart_skr49_K0G3;0620;Warenbestände;other;account_type_asset_de;
chart_skr49_0621;chart_skr49_K0G3;0621;Fertige Erzeugnisse;other;account_type_asset_de;
chart_skr49_0625;chart_skr49_K0G3;0625;Bestände Waren/Material aus Sachspenden;other;account_type_asset_de;
chart_skr49_0630;chart_skr49_K0G3;0630;Geleistete Anzahlungen;other;account_type_asset_de;
chart_skr49_0650;chart_skr49_K0G3;0650;Forderungen aus Lieferungen und Leistungen;other;account_type_asset_de;
chart_skr49_0655;chart_skr49_K0G3;0655;Forderungen aus Vereinsbereichen;other;account_type_asset_de;
chart_skr49_0660;chart_skr49_K0G3;0660;Forderungen zu Einnahmen § 11/1, S2 EStG;other;account_type_asset_de;
chart_skr49_0665;chart_skr49_K0G3;0665;Wertberichtigungen Forderungen L+L;other;account_type_asset_de;
chart_skr49_0680;chart_skr49_K0G3;0680;Forderungen gegen verbundene Unternehmen;other;account_type_asset_de;
chart_skr49_0690;chart_skr49_K0G3;0690;Forderungen aus Lieferungen und Leistungen gegen Unternehmen, mit denen ein Beteiligungsverhältnis besteht;other;account_type_asset_de;
chart_skr49_0700;chart_skr49_K0G3;0700;Sonstige Vermögensgegenstände;other;account_type_asset_de;
chart_skr49_0705;chart_skr49_K0G3;0705;Geldtransit;other;account_type_asset_de;
chart_skr49_0710;chart_skr49_K0G3;0710;Verrechnungskonto Gewinnermittlung §4/3 EStG, nicht ergebniswirksam;other;account_type_asset_de;
chart_skr49_0715;chart_skr49_K0G3;0715;Überleitungskonto Kostenstellen;other;account_type_asset_de;
chart_skr49_0720;chart_skr49_K0G3;0720;Verrechnungskonto Ist-Versteuerung;other;account_type_asset_de;
chart_skr49_0725;chart_skr49_K0G3;0725;Sonstige Forderungen;other;account_type_asset_de;
chart_skr49_0730;chart_skr49_K0G3;0730;Gegenkonto Bruttovorumsatz;other;account_type_asset_de;
chart_skr49_0735;chart_skr49_K0G3;0735;Nettoaufwand 7 % Vorumsatz;other;account_type_asset_de;
chart_skr49_0740;chart_skr49_K0G3;0740;Nettoaufwand 19 % Vorumsatz;other;account_type_asset_de;
chart_skr49_0741;chart_skr49_K0G3;0741;Nettoaufwand 16 % Vorumsatz;other;account_type_asset_de;
chart_skr49_0745;chart_skr49_K0G3;0745;Nettoaufwand Kfz-Kosten (halber Steuersatz);other;account_type_asset_de;
chart_skr49_0770;chart_skr49_K0G3;0770;Abziehbare Vorsteuer;other;account_type_asset_de;
chart_skr49_0775;chart_skr49_K0G3;0775;Abziehbare Vorsteuer 7%;other;account_type_asset_de;
chart_skr49_0780;chart_skr49_K0G3;0780;Abziehbare Vorsteuer 19 %;other;account_type_asset_de;
chart_skr49_0781;chart_skr49_K0G3;0781;reserviert;other;account_type_asset_de;
chart_skr49_0785;chart_skr49_K0G3;0785;Pauschalierte Vorsteuer 7%;other;account_type_asset_de;
chart_skr49_0790;chart_skr49_K0G3;0790;Nettoaufwand 7 % aus innergemeinschaftlichem Erwerb;other;account_type_asset_de;
chart_skr49_0795;chart_skr49_K0G3;0795;Nettoaufwand 19 % aus innergemeinschaftlichem Erwerb;other;account_type_asset_de;
chart_skr49_0800;chart_skr49_K0G3;0800;Nettoaufwand 7 % aus innergemeinschaftlichem Erwerb ohne Vorsteuerabzug;other;account_type_asset_de;
chart_skr49_0805;chart_skr49_K0G3;0805;Nettoaufwand 19 % aus innergemeinschaftlichem Erwerb ohne Vorsteuerabzug;other;account_type_asset_de;
chart_skr49_0810;chart_skr49_K0G3;0810;Abziehbare Vorsteuer aus innergemeinschaftlichem Erwerb;other;account_type_asset_de;
chart_skr49_0815;chart_skr49_K0G3;0815;Abziehbare Vorsteuer aus innergemeinschaftlichem Erwerb von Neufahrzeugen ohne USt-ID;other;account_type_asset_de;
chart_skr49_0820;chart_skr49_K0G3;0820;Gegenkonto Vorsteuer § 4/3 EStG;other;account_type_asset_de;
chart_skr49_0825;chart_skr49_K0G3;0825;Aufzuteilende Vorsteuer;other;account_type_asset_de;
chart_skr49_0830;chart_skr49_K0G3;0830;Aufzuteilende Vorsteuer 7%;other;account_type_asset_de;
chart_skr49_0835;chart_skr49_K0G3;0835;Aufzuteilende Vorsteuer 19 %;other;account_type_asset_de;
chart_skr49_0836;chart_skr49_K0G3;0836;reserviert;other;account_type_asset_de;
chart_skr49_0839;chart_skr49_K0G3;0839;Aufzuteilende Vorsteuer § 13b UStG;other;account_type_asset_de;
chart_skr49_0840;chart_skr49_K0G3;0840;Aufzuteilende Vorsteuer aus innergemeinschaftlichem Erwerb;other;account_type_asset_de;
chart_skr49_0841;chart_skr49_K0G3;0841;Aufzuteilende Vorsteuer Anlagevermögen;other;account_type_asset_de;
chart_skr49_0845;chart_skr49_K0G3;0845;Aufzuteilende Vorsteuer Ausgaben B 4000-8000;other;account_type_asset_de;
chart_skr49_0849;chart_skr49_K0G3;0849;Abziehbare Vorsteuer nach § 13b UStG;other;account_type_asset_de;
chart_skr49_0850;chart_skr49_K0G3;0850;Abziehbare Vorsteuer § 13b UStG 19 %;other;account_type_asset_de;
chart_skr49_0851;chart_skr49_K0G3;0851;reserviert;other;account_type_asset_de;
chart_skr49_0853;chart_skr49_K0G3;0853;Vorsteuer im Folgejahr abziehbar;other;account_type_asset_de;
chart_skr49_0855;chart_skr49_K0G3;0855;Auflösung Vorsteuer aus Vorjahr § 4/3 EStG;other;account_type_asset_de;
chart_skr49_0860;chart_skr49_K0G3;0860;Bezahlte Einfuhrumsatzsteuer;other;account_type_asset_de;
chart_skr49_0865;chart_skr49_K0G3;0865;Vorsteuer nach allgemeinen Durchschnittsätzen;other;account_type_asset_de;
chart_skr49_0870;chart_skr49_K0G3;0870;Durchlaufende Posten Einnahmen;other;account_type_asset_de;
chart_skr49_0875;chart_skr49_K0G3;0875;Durchlaufende Posten Ausgaben;other;account_type_asset_de;
chart_skr49_0880;chart_skr49_K0G3;0880;Sonstiges Verrechnungskonto;other;account_type_asset_de;
chart_skr49_0885;chart_skr49_K0G3;0885;Sammelkonto aufzuteilende Ausgaben;other;account_type_asset_de;
chart_skr49_0890;chart_skr49_K0G3;0890;Sammelkonto aufzuteilende Einnahmen;other;account_type_asset_de;
chart_skr49_0900;chart_skr49_K0G3;0900;Anteile an verbundenen Unternehmen;other;account_type_asset_de;
chart_skr49_0905;chart_skr49_K0G3;0905;Eigene Anteile;other;account_type_asset_de;
chart_skr49_0910;chart_skr49_K0G3;0910;Besitzwechsel;other;account_type_asset_de;
chart_skr49_0915;chart_skr49_K0G3;0915;Sonstige Wertpapiere;other;account_type_asset_de;
chart_skr49_0920;chart_skr49_K0G3;0920;Kasse;other;account_type_asset_de;
chart_skr49_0925;chart_skr49_K0G3;0925;Hauptkasse;other;account_type_asset_de;
chart_skr49_0930;chart_skr49_K0G3;0930;Nebenkasse 1;other;account_type_asset_de;
chart_skr49_0935;chart_skr49_K0G3;0935;Nebenkasse 2;other;account_type_asset_de;
chart_skr49_0940;chart_skr49_K0G3;0940;Postbank;other;account_type_asset_de;
chart_skr49_0945;chart_skr49_K0G3;0945;Bank;other;account_type_asset_de;
chart_skr49_0950;chart_skr49_K0G3;0950;Bank 1;other;account_type_asset_de;
chart_skr49_0955;chart_skr49_K0G3;0955;Bank 2;other;account_type_asset_de;
chart_skr49_0960;chart_skr49_K0G3;0960;Schecks;other;account_type_asset_de;
chart_skr49_K0G4;chart_skr49_K0;K0G4;aktive Rechnungsabgrenzungsposten;view;account.account_type_view;
chart_skr49_0990;chart_skr49_K0G4;0990;Rechnungsabgrenzungsposten aktiv;other;account_type_asset_de;
chart_skr49_K1G0;chart_skr49_K1;K1G0;Vermögen / Eigenkapital;view;account.account_type_view;
chart_skr49_1000;chart_skr49_K1G0;1000;Gebundene Rücklagen § 58 Nr. 6 AO;other;account_type_liability_de;
chart_skr49_1010;chart_skr49_K1G0;1010; Rücklagen ideeller Bereich bis 2020;other;account_type_liability_de;
chart_skr49_1011;chart_skr49_K1G0;1011; Rücklagen ideeller Bereich bis 2021;other;account_type_liability_de;
chart_skr49_1012;chart_skr49_K1G0;1012; Rücklagen ideeller Bereich bis 2022;other;account_type_liability_de;
chart_skr49_1013;chart_skr49_K1G0;1013; Rücklagen ideeller Bereich bis 2023;other;account_type_liability_de;
chart_skr49_1014;chart_skr49_K1G0;1014; Rücklagen ideeller Bereich bis 2014;other;account_type_liability_de;
chart_skr49_1015;chart_skr49_K1G0;1015; Rücklagen ideeller Bereich bis 2015;other;account_type_liability_de;
chart_skr49_1016;chart_skr49_K1G0;1016; Rücklagen ideeller Bereich bis 2016;other;account_type_liability_de;
chart_skr49_1017;chart_skr49_K1G0;1017; Rücklagen ideeller Bereich bis 2017;other;account_type_liability_de;
chart_skr49_1018;chart_skr49_K1G0;1018; Rücklagen ideeller Bereich bis 2018;other;account_type_liability_de;
chart_skr49_1019;chart_skr49_K1G0;1019; Rücklagen ideeller Bereich bis 2019;other;account_type_liability_de;
chart_skr49_1020;chart_skr49_K1G0;1020; Rücklagen Vermögensverwaltung bis 2020;other;account_type_liability_de;
chart_skr49_1021;chart_skr49_K1G0;1021; Rücklagen Vermögensverwaltung bis 2021;other;account_type_liability_de;
chart_skr49_1022;chart_skr49_K1G0;1022; Rücklagen Vermögensverwaltung bis 2022;other;account_type_liability_de;
chart_skr49_1023;chart_skr49_K1G0;1023; Rücklagen Vermögensverwaltung bis 2023;other;account_type_liability_de;
chart_skr49_1024;chart_skr49_K1G0;1024; Rücklagen Vermögensverwaltung bis 2014;other;account_type_liability_de;
chart_skr49_1025;chart_skr49_K1G0;1025; Rücklagen Vermögensverwaltung bis 2015;other;account_type_liability_de;
chart_skr49_1026;chart_skr49_K1G0;1026; Rücklagen Vermögensverwaltung bis 2016;other;account_type_liability_de;
chart_skr49_1027;chart_skr49_K1G0;1027; Rücklagen Vermögensverwaltung bis 2017;other;account_type_liability_de;
chart_skr49_1028;chart_skr49_K1G0;1028; Rücklagen Vermögensverwaltung bis 2018;other;account_type_liability_de;
chart_skr49_1029;chart_skr49_K1G0;1029; Rücklagen Vermögensverwaltung bis 2019;other;account_type_liability_de;
chart_skr49_1030;chart_skr49_K1G0;1030; Rücklagen Zweckbetriebe bis 2020;other;account_type_liability_de;
chart_skr49_1031;chart_skr49_K1G0;1031; Rücklagen Zweckbetriebe bis 2021;other;account_type_liability_de;
chart_skr49_1032;chart_skr49_K1G0;1032; Rücklagen Zweckbetriebe bis 2022;other;account_type_liability_de;
chart_skr49_1033;chart_skr49_K1G0;1033; Rücklagen Zweckbetriebe bis 2023;other;account_type_liability_de;
chart_skr49_1034;chart_skr49_K1G0;1034; Rücklagen Zweckbetriebe bis 2014;other;account_type_liability_de;
chart_skr49_1035;chart_skr49_K1G0;1035; Rücklagen Zweckbetriebe bis 2015;other;account_type_liability_de;
chart_skr49_1036;chart_skr49_K1G0;1036; Rücklagen Zweckbetriebe bis 2016;other;account_type_liability_de;
chart_skr49_1037;chart_skr49_K1G0;1037; Rücklagen Zweckbetriebe bis 2017;other;account_type_liability_de;
chart_skr49_1038;chart_skr49_K1G0;1038; Rücklagen Zweckbetriebe bis 2018;other;account_type_liability_de;
chart_skr49_1039;chart_skr49_K1G0;1039; Rücklagen Zweckbetriebe bis 2019;other;account_type_liability_de;
chart_skr49_1040;chart_skr49_K1G0;1040; Rücklagen Geschäftsbetriebe bis 2020;other;account_type_liability_de;
chart_skr49_1041;chart_skr49_K1G0;1041; Rücklagen Geschäftsbetriebe bis 2021;other;account_type_liability_de;
chart_skr49_1042;chart_skr49_K1G0;1042; Rücklagen Geschäftsbetriebe bis 2022;other;account_type_liability_de;
chart_skr49_1043;chart_skr49_K1G0;1043; Rücklagen Geschäftsbetriebe bis 2023;other;account_type_liability_de;
chart_skr49_1044;chart_skr49_K1G0;1044; Rücklagen Geschäftsbetriebe bis 2014;other;account_type_liability_de;
chart_skr49_1045;chart_skr49_K1G0;1045; Rücklagen Geschäftsbetriebe bis 2015;other;account_type_liability_de;
chart_skr49_1046;chart_skr49_K1G0;1046; Rücklagen Geschäftsbetriebe bis 2016;other;account_type_liability_de;
chart_skr49_1047;chart_skr49_K1G0;1047; Rücklagen Geschäftsbetriebe bis 2017;other;account_type_liability_de;
chart_skr49_1048;chart_skr49_K1G0;1048; Rücklagen Geschäftsbetriebe bis 2018;other;account_type_liability_de;
chart_skr49_1049;chart_skr49_K1G0;1049; Rücklagen Geschäftsbetriebe bis 2019;other;account_type_liability_de;
chart_skr49_1070;chart_skr49_K1G0;1070;Freie Rücklagen;other;account_type_liability_de;
chart_skr49_1074;chart_skr49_K1G0;1074;Rücklage aus Vermögensverwaltung;other;account_type_liability_de;
chart_skr49_1075;chart_skr49_K1G0;1075;Rücklage aus sonstigen zeitnah zu verwendenden Mitteln;other;account_type_liability_de;
chart_skr49_1076;chart_skr49_K1G0;1076;Freie Rücklagen § 58 Nr. 7b AO;other;account_type_liability_de;
chart_skr49_1080;chart_skr49_K1G0;1080;Ergebnisvorträge allgemein;other;account_type_liability_de;
chart_skr49_1082;chart_skr49_K1G0;1082;Vortrag ideeller Bereich;other;account_type_liability_de;
chart_skr49_1084;chart_skr49_K1G0;1084;Vortrag Vermögensverwaltung;other;account_type_liability_de;
chart_skr49_1085;chart_skr49_K1G0;1085;Vortrag Zweckbetriebe Sport;other;account_type_liability_de;
chart_skr49_1086;chart_skr49_K1G0;1086;Vortrag sonstige Zweckbetriebe;other;account_type_liability_de;
chart_skr49_1087;chart_skr49_K1G0;1087;Vortrag Geschäftsbetriebe Sport;other;account_type_liability_de;
chart_skr49_1088;chart_skr49_K1G0;1088;Vortrag sonstige Geschäftsbetriebe;other;account_type_liability_de;
chart_skr49_1100;chart_skr49_K1G0;1100;Grundstockvermögen;other;account_type_liability_de;
chart_skr49_1103;chart_skr49_K1G0;1103;Zustiftungen;other;account_type_liability_de;
chart_skr49_1105;chart_skr49_K1G0;1105;Zuführung aus Ergebnisrücklagen;other;account_type_liability_de;
chart_skr49_1110;chart_skr49_K1G0;1110;Ergebnisse Vermögensumschichtung;other;account_type_liability_de;
chart_skr49_1115;chart_skr49_K1G0;1115;Kapitalerhaltungsrücklage;other;account_type_liability_de;
chart_skr49_1120;chart_skr49_K1G0;1120;Sonstige Ergebnisrücklagen (Falls Sie die Rücklagen nach dem Zeitpunkt der Auflösung differenziert ausweisen möchten, buchen Sie bitte auf den Konten 1000 ff);other;account_type_liability_de;
chart_skr49_1125;chart_skr49_K1G0;1125;Mittelvortrag;other;account_type_liability_de;
chart_skr49_1140;chart_skr49_K1G0;1140;Gezeichnetes Kapital;other;account_type_liability_de;
chart_skr49_1145;chart_skr49_K1G0;1145;Kapitalrücklage;other;account_type_liability_de;
chart_skr49_1150;chart_skr49_K1G0;1150;Gesetzliche Rücklage;other;account_type_liability_de;
chart_skr49_1153;chart_skr49_K1G0;1153;Rücklage für eigene Anteile;other;account_type_liability_de;
chart_skr49_1155;chart_skr49_K1G0;1155;Satzungsmäßige Rücklage;other;account_type_liability_de;
chart_skr49_1158;chart_skr49_K1G0;1158;Andere Gewinnrücklagen (Falls Sie die Rücklagen nach dem Zeitpunkt der Auflösung differenziert ausweisen möchten, buchen Sie bitte auf den Konten 1000 ff);other;account_type_liability_de;
chart_skr49_1160;chart_skr49_K1G0;1160;Jahresergebnis (Vortrag);other;account_type_liability_de;
chart_skr49_1170;chart_skr49_K1G0;1170;Vereinskapital § 58 Nr. 11 AO;other;account_type_liability_de;
chart_skr49_K1G1;chart_skr49_K1;K1G1;Sonderposten mit Rücklageanteil;view;account.account_type_view;
chart_skr49_1180;chart_skr49_K1G1;1180;Sonderposten mit Rücklageanteil;other;account_type_liability_de;
chart_skr49_1190;chart_skr49_K1G1;1190;Gebundene Mittel für Förderzwecke;other;account_type_liability_de;
chart_skr49_1195;chart_skr49_K1G1;1195;Sonderposten für noch nicht aufwandswirksame verwendete Spenden;other;account_type_liability_de;
chart_skr49_K1G2;chart_skr49_K1;K1G2;Rückstellungen;view;account.account_type_view;
chart_skr49_1200;chart_skr49_K1G2;1200;Pensionsrückrückstellungen;other;account_type_liability_de;
chart_skr49_1210;chart_skr49_K1G2;1210;Steuerrückstellungen;other;account_type_liability_de;
chart_skr49_1220;chart_skr49_K1G2;1220;Sonstige Rückstellungen;other;account_type_liability_de;
chart_skr49_K1G3;chart_skr49_K1;K1G3;Förderungsverpflichtungen;view;account.account_type_view;
chart_skr49_1230;chart_skr49_K1G3;1230;Bewilligungen;other;account_type_liability_de;
chart_skr49_1235;chart_skr49_K1G3;1235;Rückgängig gemachte Bewilligungen;other;account_type_liability_de;
chart_skr49_K1G4;chart_skr49_K1;K1G4;Verbindlichkeiten;view;account.account_type_view;
chart_skr49_1300;chart_skr49_K1G4;1300;Anleihen, nicht konvertibel;other;account_type_liability_de;
chart_skr49_1315;chart_skr49_K1G4;1315;Anleihen, konvertibel;other;account_type_liability_de;
chart_skr49_1320;chart_skr49_K1G4;1320;Verbindlichkeiten gegenüber Kreditinstituten;other;account_type_liability_de;
chart_skr49_1330;chart_skr49_K1G4;1330;Erhaltene Anzahlungen auf Bestellungen;other;account_type_liability_de;
chart_skr49_1340;chart_skr49_K1G4;1340;Verbindlichkeiten aus Lieferungen und Leistungen;other;account_type_liability_de;
chart_skr49_1345;chart_skr49_K1G4;1345;Verbindlichkeiten Investitionen § 4/3 EStG;other;account_type_liability_de;
chart_skr49_1350;chart_skr49_K1G4;1350;Schuldwechsel;other;account_type_liability_de;
chart_skr49_1360;chart_skr49_K1G4;1360;Verbindlichkeiten gegenüber verbundenen Unternehmen;other;account_type_liability_de;
chart_skr49_1370;chart_skr49_K1G4;1370;Verbindlichkeiten gegenüber Unternehmen, mit denen ein Beteiligungsverhältnis besteht;other;account_type_liability_de;
chart_skr49_1380;chart_skr49_K1G4;1380;Verbindlichkeiten für satzungsgemäße Leistungen;other;account_type_liability_de;
chart_skr49_1385;chart_skr49_K1G4;1385;Verbindlichkeiten aus erteilten Zusagen;other;account_type_liability_de;
chart_skr49_1390;chart_skr49_K1G4;1390;Verbindlichkeiten aus nicht zweckentsprechenden verwendeten Mitteln;other;account_type_liability_de;
chart_skr49_1395;chart_skr49_K1G4;1395;Verbindlichkeiten aus bedingt rückzahlungspflichtigen Spenden;other;account_type_liability_de;
chart_skr49_1800;chart_skr49_K1G4;1800;Verbindlichkeiten gegenüber Gesellschafter/Mitglieder;other;account_type_liability_de;
chart_skr49_1803;chart_skr49_K1G4;1803;Sonstige Verbindlichkeiten;other;account_type_liability_de;
chart_skr49_1804;chart_skr49_K1G4;1804;Verbindlichkeiten zu Ausgaben § 11 Abs. 2 Satz 2 EStG;other;account_type_liability_de;
chart_skr49_1806;chart_skr49_K1G4;1806;Erhaltene Kautionen;other;account_type_liability_de;
chart_skr49_1809;chart_skr49_K1G4;1809;Verbindlichkeiten aus Steuern und Abgaben;other;account_type_liability_de;
chart_skr49_1812;chart_skr49_K1G4;1812;Lohnverbindlichkeiten;other;account_type_liability_de;
chart_skr49_1813;chart_skr49_K1G4;1813;Voraussichtliche Beitragsschuld gegenüber den Sozialversicherungsträgern;other;account_type_liability_de;
chart_skr49_1815;chart_skr49_K1G4;1815;Gegenkonto Bruttoerlöse;other;account_type_liability_de;
chart_skr49_1820;chart_skr49_K1G4;1820;Nettoerlöse 7 %;other;account_type_liability_de;
chart_skr49_1825;chart_skr49_K1G4;1825;Nettoerlöse 19 %;other;account_type_liability_de;
chart_skr49_1826;chart_skr49_K1G4;1826;Nettoerlöse 16 %;other;account_type_liability_de;
chart_skr49_1830;chart_skr49_K1G4;1830;Nettoerlöse 0% mit Vorsteuerabzug;other;account_type_liability_de;
chart_skr49_1835;chart_skr49_K1G4;1835;Nettoerlöse 0% ohne Vorsteuerabzug;other;account_type_liability_de;
chart_skr49_1836;chart_skr49_K1G4;1836;Nettoerlöse 0% aus innergemeinschaftlichen Lieferungen (steuerfrei);other;account_type_liability_de;
chart_skr49_1840;chart_skr49_K1G4;1840;Umsatzsteuer;other;account_type_liability_de;
chart_skr49_1845;chart_skr49_K1G4;1845;Umsatzsteuer 7%;other;account_type_liability_de;
chart_skr49_1850;chart_skr49_K1G4;1850;Umsatzsteuer 19 %;other;account_type_liability_de;
chart_skr49_1851;chart_skr49_K1G4;1851;reserviert;other;account_type_liability_de;
chart_skr49_1860;chart_skr49_K1G4;1860;Umsatzsteuer aus innergemeinschaftlichem Erwerb;other;account_type_liability_de;
chart_skr49_1861;chart_skr49_K1G4;1861;Umsatzsteuer aus innergemeinschaftlichem Erwerb von Neufahrzeugen ohne USt-ID;other;account_type_liability_de;
chart_skr49_1864;chart_skr49_K1G4;1864;Umsatzsteuer aus im Inland steuerpflichtigen Leistungen 7%;other;account_type_liability_de;
chart_skr49_1865;chart_skr49_K1G4;1865;Umsatzsteuer aus im Inland steuerpflichtige Leistungen 19 %;other;account_type_liability_de;
chart_skr49_1866;chart_skr49_K1G4;1866;Umsatzsteuer aus im Inland steuerpflichtigen EG-Lieferungen;other;account_type_liability_de;
chart_skr49_1867;chart_skr49_K1G4;1867;reserviert;other;account_type_liability_de;
chart_skr49_1870;chart_skr49_K1G4;1870;Umsatzsteuer aus im anderen EG-Land steuerpflichtigen Lieferung;other;account_type_liability_de;
chart_skr49_1871;chart_skr49_K1G4;1871;Umsatzsteuer aus im anderen EGLand steuerpflichtigen sonstigen Leistungen;other;account_type_liability_de;
chart_skr49_1872;chart_skr49_K1G4;1872;Umsatzsteuer aus innergemeinschaftlichem Erwerb ohne Vorsteuerabzug;other;account_type_liability_de;
chart_skr49_1880;chart_skr49_K1G4;1880;Umsatzsteuer nicht fällig;other;account_type_liability_de;
chart_skr49_1885;chart_skr49_K1G4;1885;Umsatzsteuer nicht fällig 7%;other;account_type_liability_de;
chart_skr49_1890;chart_skr49_K1G4;1890;Umsatzsteuer nicht fällig 19 %;other;account_type_liability_de;
chart_skr49_1891;chart_skr49_K1G4;1891;reserviert;other;account_type_liability_de;
chart_skr49_1895;chart_skr49_K1G4;1895;Umsatzsteuer nicht fällig aus EG-Lieferungen;other;account_type_liability_de;
chart_skr49_1899;chart_skr49_K1G4;1899;Umsatzsteuer-Abzugsverfahren oder Umsatzsteuer nach § 13b UStG 7%;other;account_type_liability_de;
chart_skr49_1900;chart_skr49_K1G4;1900;reserviert;other;account_type_liability_de;
chart_skr49_1901;chart_skr49_K1G4;1901;Umsatzsteuer nach § 13b UStG;other;account_type_liability_de;
chart_skr49_1902;chart_skr49_K1G4;1902;Umsatzsteuer nach § 13b UStG 19 %;other;account_type_liability_de;
chart_skr49_1903;chart_skr49_K1G4;1903;reserviert;other;account_type_liability_de;
chart_skr49_1910;chart_skr49_K1G4;1910;Sammelkonto UmsatzsteuerVorauszahlung/Erstattung;other;account_type_liability_de;
chart_skr49_1911;chart_skr49_K1G4;1911;Sammelkonto UmsatzsteuerVorauszahlung 1/11;other;account_type_liability_de;
chart_skr49_1912;chart_skr49_K1G4;1912;Nachsteuer UStVA Kz. 65;other;account_type_liability_de;
chart_skr49_1913;chart_skr49_K1G4;1913;Sammelkonto Umsatzsteuer Vorjahre;other;account_type_liability_de;
chart_skr49_1914;chart_skr49_K1G4;1914;Sammelkonto unberechtigt ausgewiesene USt;other;account_type_liability_de;
chart_skr49_1915;chart_skr49_K1G4;1915;Steuerzahlungen an andere EG-Länder;other;account_type_liability_de;
chart_skr49_1920;chart_skr49_K1G4;1920;Umsatzsteuer laufendes Jahr;other;account_type_liability_de;
chart_skr49_1930;chart_skr49_K1G4;1930;Einfuhrumsatzsteuerzahlung aufgeschoben;other;account_type_liability_de;
chart_skr49_K1G5;chart_skr49_K1;K1G5;passive Rechnungsabgrenzungsposten;view;account.account_type_view;
chart_skr49_1990;chart_skr49_K1G5;1990;Rechnungsabgrenzungsposten passiv;other;account_type_liability_de;
chart_skr49_K2G0;chart_skr49_K2;K2G0;Einnahmen;view;account.account_type_view;
chart_skr49_2000;chart_skr49_K2G0;2000;Einnahmen Bereich 2000;other;account_type_income_de;
chart_skr49_2110;chart_skr49_K2G0;2110;Echte Mitgliedsbeiträge bis 300 Euro;other;account_type_income_de;
chart_skr49_2120;chart_skr49_K2G0;2120;Echte Mitgliedsbeiträge 300-1023 Euro;other;account_type_income_de;
chart_skr49_2150;chart_skr49_K2G0;2150;Aufnahmegebühren bis 300 Euro;other;account_type_income_de;
chart_skr49_2160;chart_skr49_K2G0;2160;Aufnahmegebühren 300-1534 Euro;other;account_type_income_de;
chart_skr49_2170;chart_skr49_K2G0;2170;Umlagen;other;account_type_income_de;
chart_skr49_2300;chart_skr49_K2G0;2300;Erhaltene nicht steuerbare Zuschüsse;other;account_type_income_de;
chart_skr49_2301;chart_skr49_K2G0;2301;Zuschüsse von Verbänden;other;account_type_income_de;
chart_skr49_2302;chart_skr49_K2G0;2302;Zuschüsse von Behörden;other;account_type_income_de;
chart_skr49_2303;chart_skr49_K2G0;2303;Sonstige Zuschüsse;other;account_type_income_de;
chart_skr49_2400;chart_skr49_K2G0;2400;Sonstige Einnahmen ideeller Bereich;other;account_type_income_de;
chart_skr49_2410;chart_skr49_K2G0;2410;Steuerfreie Einnahmen nicht gemeinnütziger Vereine ;other;account_type_income_de;
chart_skr49_2412;chart_skr49_K2G0;2412;Zuwendungen Dritter (Sponsoren);other;account_type_income_de;
chart_skr49_2420;chart_skr49_K2G0;2420;Steuerfreie Einnahmen gemeinnütziger Vereine;other;account_type_income_de;
chart_skr49_2421;chart_skr49_K2G0;2421;Veräußerungserlöse aus Bereich 2000;other;account_type_income_de;
chart_skr49_2423;chart_skr49_K2G0;2423;Erträge aus der Auflösung einer steuerlichen Rücklage;other;account_type_income_de;
chart_skr49_2450;chart_skr49_K2G0;2450;Verrechnete/aufgeteilte Einnahmen ideeller Bereich;other;account_type_income_de;
chart_skr49_2451;chart_skr49_K2G0;2451;Verrechnete Sachbezüge Arbeitnehmer;other;account_type_income_de;
chart_skr49_2490;chart_skr49_K2G0;2490;Zuschreibungen;other;account_type_income_de;
chart_skr49_K2G1;chart_skr49_K2;K2G1;Ausgaben;view;account.account_type_view;
chart_skr49_2500;chart_skr49_K2G1;2500;Abschreibungen Anlagevermögen;other;account_type_expense_de;
chart_skr49_2501;chart_skr49_K2G1;2501;Abschreibungen GWG;other;account_type_expense_de;
chart_skr49_2502;chart_skr49_K2G1;2502;Kalkulatorische Abschreibungen;other;account_type_expense_de;
chart_skr49_2503;chart_skr49_K2G1;2503;Abschreibungen auf Sammelposten Wirtschaftsgüter;other;account_type_expense_de;
chart_skr49_2510;chart_skr49_K2G1;2510;Ausgaben Bereich 2000;other;account_type_expense_de;
chart_skr49_2550;chart_skr49_K2G1;2550;Anteilige Personalkosten;other;account_type_expense_de;
chart_skr49_2551;chart_skr49_K2G1;2551;Löhne;other;account_type_expense_de;
chart_skr49_2552;chart_skr49_K2G1;2552;Gehälter;other;account_type_expense_de;
chart_skr49_2553;chart_skr49_K2G1;2553;Abgeführte Lohnsteuer;other;account_type_expense_de;
chart_skr49_2554;chart_skr49_K2G1;2554;Aufwandsentschädigungen Übungsleiter;other;account_type_expense_de;
chart_skr49_2555;chart_skr49_K2G1;2555;Sozialversicherungsbeiträge;other;account_type_expense_de;
chart_skr49_2556;chart_skr49_K2G1;2556;Aushilfslöhne;other;account_type_expense_de;
chart_skr49_2557;chart_skr49_K2G1;2557;Sachbezüge Arbeitnehmer;other;account_type_expense_de;
chart_skr49_2560;chart_skr49_K2G1;2560;Reisekostenerstattungen;other;account_type_expense_de;
chart_skr49_2660;chart_skr49_K2G1;2660;Anteilige Raumkosten;other;account_type_expense_de;
chart_skr49_2661;chart_skr49_K2G1;2661;Miete und Pacht;other;account_type_expense_de;
chart_skr49_2663;chart_skr49_K2G1;2663;Raumnebenkosten;other;account_type_expense_de;
chart_skr49_2664;chart_skr49_K2G1;2664;Reparaturen;other;account_type_expense_de;
chart_skr49_2700;chart_skr49_K2G1;2700;Kosten der Mitgliederverwaltung;other;account_type_expense_de;
chart_skr49_2701;chart_skr49_K2G1;2701;Büromaterial;other;account_type_expense_de;
chart_skr49_2702;chart_skr49_K2G1;2702;Porto, Telefon;other;account_type_expense_de;
chart_skr49_2703;chart_skr49_K2G1;2703;Einzugskosten;other;account_type_expense_de;
chart_skr49_2704;chart_skr49_K2G1;2704;Sonstige Kosten;other;account_type_expense_de;
chart_skr49_2750;chart_skr49_K2G1;2750;Verbrauchsabgaben und sonstige Beiträge;other;account_type_expense_de;
chart_skr49_2751;chart_skr49_K2G1;2751;Abgaben Landesverband;other;account_type_expense_de;
chart_skr49_2752;chart_skr49_K2G1;2752;Abgaben Fachverband;other;account_type_expense_de;
chart_skr49_2753;chart_skr49_K2G1;2753;Versicherungsbeiträge;other;account_type_expense_de;
chart_skr49_2800;chart_skr49_K2G1;2800;Mitgliederpflege;other;account_type_expense_de;
chart_skr49_2801;chart_skr49_K2G1;2801;Vereinsmitteilungen;other;account_type_expense_de;
chart_skr49_2802;chart_skr49_K2G1;2802;Geschenke, Jubiläen, Ehrungen;other;account_type_expense_de;
chart_skr49_2803;chart_skr49_K2G1;2803;Ausbildungskosten;other;account_type_expense_de;
chart_skr49_2804;chart_skr49_K2G1;2804;Lehr- und Jugendarbeit;other;account_type_expense_de;
chart_skr49_2810;chart_skr49_K2G1;2810;Repräsentationskosten;other;account_type_expense_de;
chart_skr49_2892;chart_skr49_K2G1;2892;Einstellungen in steuerliche Rücklagen;other;account_type_expense_de;
chart_skr49_2893;chart_skr49_K2G1;2893;Anlagenabgänge Restbuchwerte;other;account_type_expense_de;
chart_skr49_2894;chart_skr49_K2G1;2894;Steuerberatungskost.en;other;account_type_expense_de;
chart_skr49_2900;chart_skr49_K2G1;2900;Sonstige Kosten ideeller Bereich;other;account_type_expense_de;
chart_skr49_2901;chart_skr49_K2G1;2901;Nicht abziehbare Ausgaben;other;account_type_expense_de;
chart_skr49_2902;chart_skr49_K2G1;2902;Verrechnete/aufgeteilte Kosten;other;account_type_expense_de;
chart_skr49_2903;chart_skr49_K2G1;2903;Nicht abziehbare Vorsteuer;other;account_type_expense_de;
chart_skr49_2930;chart_skr49_K2G1;2930;Innergemeinschaftlicher Erwerb ohne Vorsteuerabzug 7 %;other;account_type_income_de;
chart_skr49_2935;chart_skr49_K2G1;2935;Innergemeinschaftlicher Erwerb ohne Vorsteuerabzug 19 %;other;account_type_income_de;
chart_skr49_2940;chart_skr49_K2G1;2940;Innergemeinschaftlicher Erwerb ohne Vorsteuerabzug 7%;other;account_type_income_de;
chart_skr49_2945;chart_skr49_K2G1;2945;Innergemeinschaftlicher Erwerb ohne Vorsteuerabzug 19 %;other;account_type_income_de;
chart_skr49_K3G0;chart_skr49_K3;K3G0;Ertragsneutrale Posten;view;account.account_type_view;
chart_skr49_3200;chart_skr49_K3G0;3200;Steuerneutrale Einnahmen Bereich 2000;other;account_type_income_de;
chart_skr49_3210;chart_skr49_K3G0;3210;Schenkungen;other;account_type_income_de;
chart_skr49_3211;chart_skr49_K3G0;3211;Erbschaften;other;account_type_income_de;
chart_skr49_3212;chart_skr49_K3G0;3212;Vermächtnisse;other;account_type_income_de;
chart_skr49_3215;chart_skr49_K3G0;3215;Sonstige Einnahmen;other;account_type_income_de;
chart_skr49_3220;chart_skr49_K3G0;3220;Erhaltene Spenden/Zuwendungen;other;account_type_income_de;
chart_skr49_3221;chart_skr49_K3G0;3221;Geldzuwendungen gegen Zuwendungsbestätigungen;other;account_type_income_de;
chart_skr49_3223;chart_skr49_K3G0;3223;Geldzuwendungen ohne Zuwendungsbestätigung;other;account_type_income_de;
chart_skr49_3225;chart_skr49_K3G0;3225;Sachzuwendungen gegen Zuwendungsbestätigung;other;account_type_income_de;
chart_skr49_3227;chart_skr49_K3G0;3227;Sachzuwendungen ohne Zuwendungsbestätigung;other;account_type_income_de;
chart_skr49_3230;chart_skr49_K3G0;3230;Aufwandszuwendungen gegen Zuwendungsbestätigung;other;account_type_income_de;
chart_skr49_3232;chart_skr49_K3G0;3232;Aufwandszuwendungen ohne Aufwandsbestätigungen;other;account_type_income_de;
chart_skr49_3240;chart_skr49_K3G0;3240;Ertrag aus Spendenverbrauch;other;account_type_income_de;
chart_skr49_3250;chart_skr49_K3G0;3250;Nicht abziehbare Ausgaben Bereich 2000;other;account_type_expense_de;
chart_skr49_3251;chart_skr49_K3G0;3251;Gezahlte Spenden/Zuwendungen;other;account_type_expense_de;
chart_skr49_3252;chart_skr49_K3G0;3252;Hingegebene Sachspenden/ -zuwendungen;other;account_type_expense_de;
chart_skr49_3260;chart_skr49_K3G0;3260;Erbschaft-, Schenkungsteuer;other;account_type_expense_de;
chart_skr49_3400;chart_skr49_K3G0;3400;Steuerneutrale Einnahmen Bereich 4000;other;account_type_income_de;
chart_skr49_3401;chart_skr49_K3G0;3401;Investitionszulage;other;account_type_income_de;
chart_skr49_3402;chart_skr49_K3G0;3402;Erstattete Kapitalertragsteuer;other;account_type_income_de;
chart_skr49_3403;chart_skr49_K3G0;3403;Erstattete und vergütete Körperschaftsteuer;other;account_type_income_de;
chart_skr49_3410;chart_skr49_K3G0;3410;Nicht steuerbare Kursgewinne Wertpapiere (über 12 Monate) 0% USt;other;account_type_income_de;
chart_skr49_3415;chart_skr49_K3G0;3415;Ertrag aus pauschaler Vorsteuer § 23 a UStG;other;account_type_income_de;
chart_skr49_3420;chart_skr49_K3G0;3420;Verkaufserlöse Vermögensverwaltung;other;account_type_income_de;
chart_skr49_3421;chart_skr49_K3G0;3421;Verkaufserlöse Anlagevermögen 0 % USt;other;account_type_income_de;
chart_skr49_3422;chart_skr49_K3G0;3422;Verkaufserlöse Anlagevermögen 7% USt;other;account_type_income_de;
chart_skr49_3423;chart_skr49_K3G0;3423;Verkaufserlöse Anlagevermögen 19% USt;other;account_type_income_de;
chart_skr49_3424;chart_skr49_K3G0;3424;Verkaufserlöse Wertpapiere;other;account_type_income_de;
chart_skr49_3450;chart_skr49_K3G0;3450;Nicht abziehbare Ausgaben Bereich 4000;other;account_type_expense_de;
chart_skr49_3451;chart_skr49_K3G0;3451;Abgezogene Kapitalertragsteuer;other;account_type_expense_de;
chart_skr49_3452;chart_skr49_K3G0;3452;Abgezogene Körperschaftsteuer;other;account_type_expense_de;
chart_skr49_3453;chart_skr49_K3G0;3453;Solidaritätszuschlag zur KSt;other;account_type_expense_de;
chart_skr49_3500;chart_skr49_K3G0;3500;Steuerneutrale Einnahmen Bereich 5000;other;account_type_income_de;
chart_skr49_3515;chart_skr49_K3G0;3515;Ertrag aus pauschaler Vorsteuer § 23 a UStG;other;account_type_income_de;
chart_skr49_3550;chart_skr49_K3G0;3550;Nicht abziehbare Ausgaben Bereich 5000;other;account_type_expense_de;
chart_skr49_3551;chart_skr49_K3G0;3551;Ausgaben i.S.v. § 4 Abs. 5 EStG;other;account_type_expense_de;
chart_skr49_3552;chart_skr49_K3G0;3552;Geschenke nicht abzugsfähig;other;account_type_expense_de;
chart_skr49_3553;chart_skr49_K3G0;3553;Nichtabzugsfähige Bewirtungskosten;other;account_type_expense_de;
chart_skr49_3590;chart_skr49_K3G0;3590;Umsatzsteuer auf unentgeltliche Wertabgaben § 3 Abs. 1b, Abs. 9a UStG;other;account_type_expense_de;
chart_skr49_3600;chart_skr49_K3G0;3600;Steuerneutrale Einnahmen Bereich 6000;other;account_type_income_de;
chart_skr49_3615;chart_skr49_K3G0;3615;Ertrag aus pauschaler Vorsteuer § 23 a UStG;other;account_type_income_de;
chart_skr49_3650;chart_skr49_K3G0;3650;Nicht abziehbare Ausgaben Bereich 6000;other;account_type_expense_de;
chart_skr49_3651;chart_skr49_K3G0;3651;Ausgaben i.S.v. § 4 Abs. 5 EStG;other;account_type_expense_de;
chart_skr49_3652;chart_skr49_K3G0;3652;Geschenke nicht abzugsfähig;other;account_type_expense_de;
chart_skr49_3653;chart_skr49_K3G0;3653;Nicht abzugsfähige Bewirtungskosten;other;account_type_expense_de;
chart_skr49_3690;chart_skr49_K3G0;3690;Umsatzsteuer auf unentgeltliche Wertabgaben § 3 Abs. 1b, Abs. 9a UStG;other;account_type_expense_de;
chart_skr49_3700;chart_skr49_K3G0;3700;Steuerneutrale Einnahmen Bereich 7000;other;account_type_income_de;
chart_skr49_3701;chart_skr49_K3G0;3701;Investitionszulage;other;account_type_income_de;
chart_skr49_3710;chart_skr49_K3G0;3710;Steuerfreie Einnahmen zum Verlustausgleich für Teilbereich 7001;other;account_type_income_de;
chart_skr49_3711;chart_skr49_K3G0;3711;Mitglieder-Umlagen zum Verlustausgleich für Teilbereich 7001;other;account_type_income_de;
chart_skr49_3712;chart_skr49_K3G0;3712;Mitglieder-Zuschüsse zum Verlustausgleich für Teilbereich 7001;other;account_type_income_de;
chart_skr49_3715;chart_skr49_K3G0;3715;Ertrag aus pauschaler Vorsteuer § 23 a UStG;other;account_type_income_de;
chart_skr49_3750;chart_skr49_K3G0;3750;Nicht abziehbare Ausgaben Bereich 7000;other;account_type_expense_de;
chart_skr49_3754;chart_skr49_K3G0;3754;Gewerbesteuer;other;account_type_expense_de;
chart_skr49_3755;chart_skr49_K3G0;3755;Körperschaftsteuer;other;account_type_expense_de;
chart_skr49_3756;chart_skr49_K3G0;3756;Solidaritätszuschlag zur KSt;other;account_type_expense_de;
chart_skr49_3770;chart_skr49_K3G0;3770;Säumnis-/Verspätungszuschläge;other;account_type_expense_de;
chart_skr49_3780;chart_skr49_K3G0;3780;Gewährte Spenden/Zuwendungen;other;account_type_expense_de;
chart_skr49_3781;chart_skr49_K3G0;3781;Ausgaben i.S.v. § 4 Abs. 5 EStG;other;account_type_expense_de;
chart_skr49_3782;chart_skr49_K3G0;3782;Geschenke nicht abzugsfähig;other;account_type_expense_de;
chart_skr49_3783;chart_skr49_K3G0;3783;Nicht abzugsfähige Bewirtungskosten;other;account_type_expense_de;
chart_skr49_3790;chart_skr49_K3G0;3790;Umsatzsteuer auf unentgeltliche Wertabgaben § 3 Abs. 1b, Abs. 9a UStG;other;account_type_expense_de;
chart_skr49_3795;chart_skr49_K3G0;3795;Aufwand aus Verrechnungsposten (Gegenkonto zu 7518/7520, 7851/7868);other;account_type_expense_de;
chart_skr49_3800;chart_skr49_K3G0;3800;Steuerneutrale Einnahmen Bereich 8000;other;account_type_income_de;
chart_skr49_3801;chart_skr49_K3G0;3801;Investitionszulage;other;account_type_income_de;
chart_skr49_3815;chart_skr49_K3G0;3815;Ertrag aus pauschaler Vorsteuer § 23 a UStG;other;account_type_income_de;
chart_skr49_3820;chart_skr49_K3G0;3820;Erhaltene Steuerzinsen aus KSt/VermSt;other;account_type_income_de;
chart_skr49_3850;chart_skr49_K3G0;3850;Nicht abziehbare Ausgaben Bereich 8000;other;account_type_expense_de;
chart_skr49_3853;chart_skr49_K3G0;3853;Gewerbesteuer;other;account_type_expense_de;
chart_skr49_3854;chart_skr49_K3G0;3854;Solidaritätszuschlag zur KSt;other;account_type_expense_de;
chart_skr49_3855;chart_skr49_K3G0;3855;Körperschaftsteuer;other;account_type_expense_de;
chart_skr49_3857;chart_skr49_K3G0;3857;Säumnis-/Verspätungszuschläge;other;account_type_expense_de;
chart_skr49_3861;chart_skr49_K3G0;3861;Ausgaben i.S.v. § 4 Abs. 5 EStG;other;account_type_expense_de;
chart_skr49_3862;chart_skr49_K3G0;3862;Geschenke nicht abzugsfähig;other;account_type_expense_de;
chart_skr49_3863;chart_skr49_K3G0;3863;Nicht abzugsfähige Bewirtungskosten;other;account_type_expense_de;
chart_skr49_3864;chart_skr49_K3G0;3864;Gezahlte Zinsen auf hinterzogene Steuern;other;account_type_expense_de;
chart_skr49_3870;chart_skr49_K3G0;3870;Gezahlte Zinsen gemäß § 233a AO;other;account_type_expense_de;
chart_skr49_3873;chart_skr49_K3G0;3873;Gezahlte Aussetzungszinsen KSt;other;account_type_expense_de;
chart_skr49_3890;chart_skr49_K3G0;3890;Umsatzsteuer auf unentgeltliche Wertabgaben § 3 Abs. 1b, Abs. 9a UStG;other;account_type_expense_de;
chart_skr49_3895;chart_skr49_K3G0;3895;Aufwand aus Verrechnungsposten (Gegenkonto zu 8158-8166);other;account_type_expense_de;
chart_skr49_K3G1;chart_skr49_K3;K3G1;Ergebnisverwendungsrechnung;view;account.account_type_view;
chart_skr49_3950;chart_skr49_K3G1;3950;Ergebnisvortrag aus dem Vorjahr;other;account.account_type_other;
chart_skr49_3953;chart_skr49_K3G1;3953;Entnahmen aus gebundenen Ergebnisrücklagen;other;account.account_type_other;
chart_skr49_3955;chart_skr49_K3G1;3955;Entnahmen a. freien Rücklagen gem. § 58 Nr. 7a AO;other;account.account_type_other;
chart_skr49_3956;chart_skr49_K3G1;3956;Entnahmen a. freien Rücklagen gem. § 58 Nr. 7b AO;other;account.account_type_other;
chart_skr49_3957;chart_skr49_K3G1;3957;Entnahmen aus sonstigen Rücklagen;other;account.account_type_other;
chart_skr49_3963;chart_skr49_K3G1;3963;Einstellungen in die gebundenen Ergebnisrücklagen;other;account.account_type_other;
chart_skr49_3965;chart_skr49_K3G1;3965;Einstellungen in die freien Rücklagen gem. § 58 Nr. 7a AO;other;account.account_type_other;
chart_skr49_3966;chart_skr49_K3G1;3966;Einstellungen in die freien Rücklagen gem. § 58 Nr. 7b AO;other;account.account_type_other;
chart_skr49_3967;chart_skr49_K3G1;3967;Einstellungen in die sonstigen Rücklagen;other;account.account_type_other;
chart_skr49_3970;chart_skr49_K3G1;3970;Entnahmen aus der Kapitalerhaltungsrücklage;other;account.account_type_other;
chart_skr49_3971;chart_skr49_K3G1;3971;Verminderung des Stiftungskapitals aus realisierten Vermögensumschichtungen;other;account.account_type_other;
chart_skr49_3975;chart_skr49_K3G1;3975;Einstellungen in die Kapitalerhaltungsrücklage;other;account.account_type_other;
chart_skr49_3976;chart_skr49_K3G1;3976;Erhöhung des Stiftungskapitals aus realisierten Vermögensumschichtungen;other;account.account_type_other;
chart_skr49_3980;chart_skr49_K3G1;3980;Entnahmen aus der gesetzlichen Rücklage;other;account.account_type_other;
chart_skr49_3981;chart_skr49_K3G1;3981;Entnahmen aus der Rücklage für eigene Anteile;other;account.account_type_other;
chart_skr49_3982;chart_skr49_K3G1;3982;Entnahmen aus satzungsmäßigen Rücklagen;other;account.account_type_other;
chart_skr49_3983;chart_skr49_K3G1;3983;Entnahmen aus der Kapitalrücklage;other;account.account_type_other;
chart_skr49_3984;chart_skr49_K3G1;3984;Erträge aus der Kapitalherabsetzung;other;account.account_type_other;
chart_skr49_3985;chart_skr49_K3G1;3985;Einstellungen in die gesetzliche Rücklage;other;account.account_type_other;
chart_skr49_3986;chart_skr49_K3G1;3986;Einstellungen in die Rücklage für eigene Anteile;other;account.account_type_other;
chart_skr49_3987;chart_skr49_K3G1;3987;Einstellungen in satzungsmäßige Rücklagen;other;account.account_type_other;
chart_skr49_3988;chart_skr49_K3G1;3988;Einstellungen in die Kapitalrücklage nach den Vorschriften über die vereinfachte Kapitalherabsetzung;other;account.account_type_other;
chart_skr49_3994;chart_skr49_K3G1;3994;Entnahmen aus dem Vereinskapital;other;account.account_type_other;
chart_skr49_3996;chart_skr49_K3G1;3996;Einstellungen in das Vereinskapital;other;account.account_type_other;
chart_skr49_K4G0;chart_skr49_K4;K4G0;Einnahmen gemeinnütziger Vereine;view;account.account_type_view;
chart_skr49_4000;chart_skr49_K4G0;4000;Steuerfreie Einnahmen gemeinnütziger Vereine;other;account_type_income_de;
chart_skr49_4100;chart_skr49_K4G0;4100;Einnahmen aus Vermögensverwaltung;other;account_type_income_de;
chart_skr49_4110;chart_skr49_K4G0;4110;Miet- und Pachterträge 0% USt;other;account_type_income_de;
chart_skr49_4111;chart_skr49_K4G0;4111;Miet- und Pachterträge 7% USt;other;account_type_income_de;
chart_skr49_4120;chart_skr49_K4G0;4120;Einnahmen aus Vermietung für längere Dauer;other;account_type_income_de;
chart_skr49_4121;chart_skr49_K4G0;4121;Vermietung längere Dauer 0% USt;other;account_type_income_de;
chart_skr49_4122;chart_skr49_K4G0;4122;Vermietung Betriebsvorrichtungen längere Dauer 7% USt;other;account_type_income_de;
chart_skr49_4150;chart_skr49_K4G0;4150;Zinserträge 0% USt;other;account_type_income_de;
chart_skr49_4151;chart_skr49_K4G0;4151;Erträge aus Wertpapieren 0% USt;other;account_type_income_de;
chart_skr49_4152;chart_skr49_K4G0;4152;Kursgewinne aus Wertpapieren 0% USt;other;account_type_income_de;
chart_skr49_4153;chart_skr49_K4G0;4153;Zuschreibungen;other;account_type_income_de;
chart_skr49_4200;chart_skr49_K4G0;4200;Erlöse von Werbeunternehmen;other;account_type_income_de;
chart_skr49_4201;chart_skr49_K4G0;4201;Erlöse Werbeunternehmen 7% USt;other;account_type_income_de;
chart_skr49_4202;chart_skr49_K4G0;4202;Übertragene Werbeflächenrechte;other;account_type_income_de;
chart_skr49_4203;chart_skr49_K4G0;4203;Übertragene Lautsprecherwerbung;other;account_type_income_de;
chart_skr49_4239;chart_skr49_K4G0;4239;Verrechnete/aufgeteilte Einnahmen;other;account_type_income_de;
chart_skr49_4340;chart_skr49_K4G0;4340;Verkaufserlöse Anlagevermögen;other;account_type_income_de;
chart_skr49_4343;chart_skr49_K4G0;4343;Erträge aus der Auflösung einer steuerlichen Rücklage;other;account_type_income_de;
chart_skr49_4398;chart_skr49_K4G0;4398;Umgebuchte Einnahmen wg. Verlust Gemeinnützigkeit (Gegenkonto 4498);other;account_type_income_de;
chart_skr49_K4G1;chart_skr49_K4;K4G1;Einnahmen nicht-gemeinnütziger Vereine;view;account.account_type_view;
chart_skr49_4400;chart_skr49_K4G1;4400;Steuerpflichtige Einnahmen nicht gemeinnütziger Vereine;other;account_type_income_de;
chart_skr49_4410;chart_skr49_K4G1;4410;Miet- und Pachterträge 0% USt;other;account_type_income_de;
chart_skr49_4411;chart_skr49_K4G1;4411;Miet- und Pachterträge 19 % USt;other;account_type_income_de;
chart_skr49_4415;chart_skr49_K4G1;4415;Sonstige Mieterträge;other;account_type_income_de;
chart_skr49_4420;chart_skr49_K4G1;4420;Zinserträge 0% USt;other;account_type_income_de;
chart_skr49_4421;chart_skr49_K4G1;4421;Wertpapiererträge;other;account_type_income_de;
chart_skr49_4422;chart_skr49_K4G1;4422;Sonstige Kapitalerträge;other;account_type_income_de;
chart_skr49_4443;chart_skr49_K4G1;4443;Steuerpflichtiger Kursgewinn aus Wertpapieren 0% USt;other;account_type_income_de;
chart_skr49_4489;chart_skr49_K4G1;4489;Verrechnete/aufgeteilte Einnahmen;other;account_type_income_de;
chart_skr49_4490;chart_skr49_K4G1;4490;Verkaufserlöse Anlagevermögen;other;account_type_income_de;
chart_skr49_4493;chart_skr49_K4G1;4493;Erträge aus der Auflösung einer steuerlichen Rücklage;other;account_type_income_de;
chart_skr49_4498;chart_skr49_K4G1;4498;Umgebuchte Einnahmen wg. Verlust Gemeinnützigkeit;other;account_type_income_de;
chart_skr49_K4G2;chart_skr49_K4;K4G2;Ausgaben / Werbungskosten;view;account.account_type_view;
chart_skr49_4500;chart_skr49_K4G2;4500;Abschreibungen Anlagevermögen;other;account_type_expense_de;
chart_skr49_4501;chart_skr49_K4G2;4501;Abschreibungen GWG;other;account_type_expense_de;
chart_skr49_4502;chart_skr49_K4G2;4502;Kalkulatorische Abschreibungen;other;account_type_expense_de;
chart_skr49_4503;chart_skr49_K4G2;4503;Abschreibungen auf Finanzanlagen;other;account_type_expense_de;
chart_skr49_4504;chart_skr49_K4G2;4504;Abschreibungen auf Sammelposten Wirtschaftsgüter;other;account_type_expense_de;
chart_skr49_4510;chart_skr49_K4G2;4510;Ausgaben Bereich 4000;other;account_type_expense_de;
chart_skr49_4530;chart_skr49_K4G2;4530;Außerordentliche Aufwendungen;other;account_type_expense_de;
chart_skr49_4600;chart_skr49_K4G2;4600;Anlagenabgänge/Restbuchwerte;other;account_type_expense_de;
chart_skr49_4700;chart_skr49_K4G2;4700;Zinsen Vermögensverwaltung;other;account_type_expense_de;
chart_skr49_4710;chart_skr49_K4G2;4710;Kosten Wertpapierverwaltung;other;account_type_expense_de;
chart_skr49_4711;chart_skr49_K4G2;4711;Geldbeschaffungskosten;other;account_type_expense_de;
chart_skr49_4712;chart_skr49_K4G2;4712;Nebenkosten des Geldverkehrs;other;account_type_expense_de;
chart_skr49_4750;chart_skr49_K4G2;4750;Grundstücksaufwendungen;other;account_type_expense_de;
chart_skr49_4751;chart_skr49_K4G2;4751;Grundstücksreparaturen;other;account_type_expense_de;
chart_skr49_4752;chart_skr49_K4G2;4752;Versicherungen;other;account_type_expense_de;
chart_skr49_4892;chart_skr49_K4G2;4892;Einstellungen in steuerliche Rücklagen;other;account_type_expense_de;
chart_skr49_4894;chart_skr49_K4G2;4894;Steuerberatungskosten;other;account_type_expense_de;
chart_skr49_4900;chart_skr49_K4G2;4900;Sonstige Kosten Vermögensverwaltung;other;account_type_expense_de;
chart_skr49_4901;chart_skr49_K4G2;4901;Sonstige Kosten;other;account_type_expense_de;
chart_skr49_4902;chart_skr49_K4G2;4902;Verrechnete/aufgeteilte Kosten;other;account_type_expense_de;
chart_skr49_4904;chart_skr49_K4G2;4904;Anteilige Umsatzsteuerzahlungen;other;account_type_expense_de;
chart_skr49_4905;chart_skr49_K4G2;4905;Aufzuteilende Vorsteuer Klasse 4;other;account_type_expense_de;
chart_skr49_4906;chart_skr49_K4G2;4906;Abziehbare Vorsteuer;other;account_type_expense_de;
chart_skr49_4907;chart_skr49_K4G2;4907;Nicht abziehbare Vorsteuer;other;account_type_expense_de;
chart_skr49_K6G0;chart_skr49_K6;K6G0;Sonstige Zweckbetriebe 1 (UST-pflichtig);view;account.account_type_view;
chart_skr49_K6G0B0;chart_skr49_K6G0;K6G0B0;Einnahmen / Erträge;view;account.account_type_view;
chart_skr49_6000;chart_skr49_K6G0B0;6000;Umsatzerlöse;other;account_type_income_de;
chart_skr49_6005;chart_skr49_K6G0B0;6005;Umsatzerlöse 7%;other;account_type_income_de;
chart_skr49_6008;chart_skr49_K6G0B0;6008;Vermietung Sportanlagen an Mitglieder;other;account_type_income_de;
chart_skr49_6010;chart_skr49_K6G0B0;6010;Eintrittsgelder;other;account_type_income_de;
chart_skr49_6012;chart_skr49_K6G0B0;6012;Zuwendungen Dritter (Sponsoren) 7% USt;other;account_type_income_de;
chart_skr49_6015;chart_skr49_K6G0B0;6015;Einnahmen aus Programmverkauf;other;account_type_income_de;
chart_skr49_6050;chart_skr49_K6G0B0;6050;Bestandsveränderung;other;account_type_income_de;
chart_skr49_6055;chart_skr49_K6G0B0;6055;Andere aktivierte Eigenleistungen;other;account_type_income_de;
chart_skr49_6060;chart_skr49_K6G0B0;6060;Sonstige betriebliche Erträge;other;account_type_income_de;
chart_skr49_6065;chart_skr49_K6G0B0;6065;Einnahmen aus Nebenleistungen;other;account_type_income_de;
chart_skr49_6070;chart_skr49_K6G0B0;6070;Veranstaltungsgebundene Zuschüsse;other;account_type_income_de;
chart_skr49_6075;chart_skr49_K6G0B0;6075;Anteilige verrechnete Einnahmen/Umlagen;other;account_type_income_de;
chart_skr49_6080;chart_skr49_K6G0B0;6080;Verkaufserlöse Anlagevermögen Zweckbetrieb 7% USt;other;account_type_income_de;
chart_skr49_6082;chart_skr49_K6G0B0;6082;Erträge aus der Auflösung einer steuerlichen Rücklage;other;account_type_income_de;
chart_skr49_6085;chart_skr49_K6G0B0;6085;Unentgeltliche Wertabgaben 7% USt;other;account_type_income_de;
chart_skr49_K6G0B1;chart_skr49_K6G0;K6G0B1;Ausgaben / Aufwendungen;view;account.account_type_view;
chart_skr49_6170;chart_skr49_K6G0B1;6170;Aufwendungen für RHB;other;account_type_expense_de;
chart_skr49_6180;chart_skr49_K6G0B1;6180;Aufwendungen für bezogene Leistungen;other;account_type_expense_de;
chart_skr49_6200;chart_skr49_K6G0B1;6200;Löhne und Gehälter;other;account_type_expense_de;
chart_skr49_6205;chart_skr49_K6G0B1;6205;Personalkosten Übungsleiter;other;account_type_expense_de;
chart_skr49_6210;chart_skr49_K6G0B1;6210;Aufwandsentschädigung § 3 Nr. 26 EStG;other;account_type_expense_de;
chart_skr49_6215;chart_skr49_K6G0B1;6215;Aushilfslöhne;other;account_type_expense_de;
chart_skr49_6250;chart_skr49_K6G0B1;6250;Soziale Abgaben;other;account_type_expense_de;
chart_skr49_6255;chart_skr49_K6G0B1;6255;Abgeführte Lohnsteuer;other;account_type_expense_de;
chart_skr49_6260;chart_skr49_K6G0B1;6260;Freiwillige soziale Aufwendungen;other;account_type_expense_de;
chart_skr49_6275;chart_skr49_K6G0B1;6275;Abgaben für Altersversorgung;other;account_type_expense_de;
chart_skr49_6280;chart_skr49_K6G0B1;6280;Abschreibungen Anlagevermögen;other;account_type_expense_de;
chart_skr49_6285;chart_skr49_K6G0B1;6285;Abschreibungen GWG;other;account_type_expense_de;
chart_skr49_6286;chart_skr49_K6G0B1;6286;Abschreibungen auf Sammelposten Wirtschaftsgüter;other;account_type_expense_de;
chart_skr49_6300;chart_skr49_K6G0B1;6300;Sonstige betriebliche Aufwendungen;other;account_type_expense_de;
chart_skr49_6301;chart_skr49_K6G0B1;6301;Werbekosten;other;account_type_expense_de;
chart_skr49_6302;chart_skr49_K6G0B1;6302;Reparaturkosten Ausstattung;other;account_type_expense_de;
chart_skr49_6303;chart_skr49_K6G0B1;6303;Transportkosten;other;account_type_expense_de;
chart_skr49_6305;chart_skr49_K6G0B1;6305;Bewirtungskosten;other;account_type_expense_de;
chart_skr49_6310;chart_skr49_K6G0B1;6310;Reisekosten;other;account_type_expense_de;
chart_skr49_6315;chart_skr49_K6G0B1;6315;Reisekosten Arbeitnehmer Verpflegungsmehraufwand;other;account_type_expense_de;
chart_skr49_6320;chart_skr49_K6G0B1;6320;Reisekosten Arbeitnehmer;other;account_type_expense_de;
chart_skr49_6325;chart_skr49_K6G0B1;6325;Km-Geld-Erstattung;other;account_type_expense_de;
chart_skr49_6328;chart_skr49_K6G0B1;6328;Veranstaltungsabhängige Kosten;other;account_type_expense_de;
chart_skr49_6329;chart_skr49_K6G0B1;6329;Reinigungskosten;other;account_type_expense_de;
chart_skr49_6330;chart_skr49_K6G0B1;6330;Gebäudekosten;other;account_type_expense_de;
chart_skr49_6331;chart_skr49_K6G0B1;6331;Strom;other;account_type_expense_de;
chart_skr49_6332;chart_skr49_K6G0B1;6332;Wasser;other;account_type_expense_de;
chart_skr49_6333;chart_skr49_K6G0B1;6333;Gas, Heizung;other;account_type_expense_de;
chart_skr49_6334;chart_skr49_K6G0B1;6334;Sonstige Raumkosten;other;account_type_expense_de;
chart_skr49_6335;chart_skr49_K6G0B1;6335;Gema-Gebühren;other;account_type_expense_de;
chart_skr49_6336;chart_skr49_K6G0B1;6336;Musikkosten;other;account_type_expense_de;
chart_skr49_6339;chart_skr49_K6G0B1;6339;Miete, Pacht;other;account_type_expense_de;
chart_skr49_6340;chart_skr49_K6G0B1;6340;Verwaltungskosten;other;account_type_expense_de;
chart_skr49_6341;chart_skr49_K6G0B1;6341;Porto, Telefon, Bürobedarf;other;account_type_expense_de;
chart_skr49_6342;chart_skr49_K6G0B1;6342;Literatur, Zeitschriften, Bücher;other;account_type_expense_de;
chart_skr49_6345;chart_skr49_K6G0B1;6345;Geschenke abzugsfähig;other;account_type_expense_de;
chart_skr49_6346;chart_skr49_K6G0B1;6346;Repräsentationskosten;other;account_type_expense_de;
chart_skr49_6350;chart_skr49_K6G0B1;6350;Fahrzeuge, Transportmittel;other;account_type_expense_de;
chart_skr49_6353;chart_skr49_K6G0B1;6353;Versicherungen;other;account_type_expense_de;
chart_skr49_6355;chart_skr49_K6G0B1;6355;Verrechnete/aufgeteilte Kosten;other;account_type_expense_de;
chart_skr49_6360;chart_skr49_K6G0B1;6360;Anteilige Zinsaufwendungen;other;account_type_expense_de;
chart_skr49_6362;chart_skr49_K6G0B1;6362;Einstellungen in steuerliche Rücklagen;other;account_type_expense_de;
chart_skr49_6363;chart_skr49_K6G0B1;6363;Anlagenabgänge Restbuchwerte;other;account_type_expense_de;
chart_skr49_6364;chart_skr49_K6G0B1;6364;Steuerberatungskosten;other;account_type_expense_de;
chart_skr49_6365;chart_skr49_K6G0B1;6365;Anteilige Umsatzsteuerzahlungen;other;account_type_expense_de;
chart_skr49_6375;chart_skr49_K6G0B1;6375;Abziehbare Vorsteuer;other;account_type_expense_de;
chart_skr49_6377;chart_skr49_K6G0B1;6377;Nicht abziehbare Vorsteuer;other;account_type_expense_de;
chart_skr49_6380;chart_skr49_K6G0B1;6380;Aufzuteilende Vorsteuer;other;account_type_expense_de;
chart_skr49_6385;chart_skr49_K6G0B1;6385;Aufzuteilende Posten Teilbereich 6000;other;account_type_expense_de;
chart_skr49_6450;chart_skr49_K6G0B1;6450;Zinsen und ähnliche Aufwendungen;other;account_type_expense_de;
chart_skr49_6460;chart_skr49_K6G0B1;6460;Außerordentliche Erträge;other;account_type_expense_de;
chart_skr49_6465;chart_skr49_K6G0B1;6465;Außerordentliche Aufwendungen;other;account_type_expense_de;
chart_skr49_6475;chart_skr49_K6G0B1;6475;Sonstige Steuern;other;account_type_expense_de;
chart_skr49_K6G1;chart_skr49_K6;K6G1;Sonstige Zweckbetriebe 2 (UST-frei);view;account.account_type_view;
chart_skr49_K6G1B0;chart_skr49_K6G1;K6G1B0;Einnahmen / Erträge;view;account.account_type_view;
chart_skr49_6500;chart_skr49_K6G1B0;6500;Umsatzerlöse;other;account_type_income_de;
chart_skr49_6505;chart_skr49_K6G1B0;6505;Umsatzerlöse 0%;other;account_type_income_de;
chart_skr49_6510;chart_skr49_K6G1B0;6510;Eintrittsgelder 0%;other;account_type_income_de;
chart_skr49_6515;chart_skr49_K6G1B0;6515;Einnahmen aus Programmverkauf;other;account_type_income_de;
chart_skr49_6520;chart_skr49_K6G1B0;6520;Einnahmen aus Unterricht i.S.v. § 4 Nr. 22a UStG;other;account_type_income_de;
chart_skr49_6525;chart_skr49_K6G1B0;6525;Einnahmen kulturelle Veranstaltungen Jugendhilfe;other;account_type_income_de;
chart_skr49_6550;chart_skr49_K6G1B0;6550;Bestandsveränderung;other;account_type_income_de;
chart_skr49_6555;chart_skr49_K6G1B0;6555;Andere aktivierte Eigenleistungen;other;account_type_income_de;
chart_skr49_6560;chart_skr49_K6G1B0;6560;Sonstige betriebliche Erträge;other;account_type_income_de;
chart_skr49_6565;chart_skr49_K6G1B0;6565;Einnahmen aus Nebenleistungen;other;account_type_income_de;
chart_skr49_6570;chart_skr49_K6G1B0;6570;Veranstaltungsgebundene Zuschüsse;other;account_type_income_de;
chart_skr49_6575;chart_skr49_K6G1B0;6575;Anteilige verrechnete Einnahmen/Umlagen;other;account_type_income_de;
chart_skr49_6580;chart_skr49_K6G1B0;6580;Verkaufserlöse Anlagevermögen Zweckbetrieb 0%;other;account_type_income_de;
chart_skr49_6582;chart_skr49_K6G1B0;6582;Erträge aus der Auflösung einer steuerlichen Rücklage;other;account_type_income_de;
chart_skr49_6585;chart_skr49_K6G1B0;6585;Unentgeltliche Wertabgaben 0% USt;other;account_type_income_de;
chart_skr49_K6G1B1;chart_skr49_K6G1;K6G1B1;Ausgaben / Aufwendungen;view;account.account_type_view;
chart_skr49_6670;chart_skr49_K6G1B1;6670;Aufwendungen für RHB/bezogene Waren;other;account_type_expense_de;
chart_skr49_6680;chart_skr49_K6G1B1;6680;Aufwendungen für bezogene Leistungen;other;account_type_expense_de;
chart_skr49_6700;chart_skr49_K6G1B1;6700;Löhne und Gehälter;other;account_type_expense_de;
chart_skr49_6705;chart_skr49_K6G1B1;6705;Personalkosten Übungsleiter;other;account_type_expense_de;
chart_skr49_6710;chart_skr49_K6G1B1;6710;Aufwandsentschädigung § 3 Nr. 26 EStG;other;account_type_expense_de;
chart_skr49_6715;chart_skr49_K6G1B1;6715;Aushilfslöhne;other;account_type_expense_de;
chart_skr49_6750;chart_skr49_K6G1B1;6750;Soziale Abgaben;other;account_type_expense_de;
chart_skr49_6755;chart_skr49_K6G1B1;6755;Abgeführte Lohnsteuer;other;account_type_expense_de;
chart_skr49_6760;chart_skr49_K6G1B1;6760;Freiwillige soziale Aufwendungen;other;account_type_expense_de;
chart_skr49_6775;chart_skr49_K6G1B1;6775;Abgaben für Altersversorgung;other;account_type_expense_de;
chart_skr49_6780;chart_skr49_K6G1B1;6780;Abschreibung Anlagevermögen;other;account_type_expense_de;
chart_skr49_6785;chart_skr49_K6G1B1;6785;Abschreibungen GWG;other;account_type_expense_de;
chart_skr49_6786;chart_skr49_K6G1B1;6786;Abschreibungen auf Sammelposten Wirtschaftsgüter;other;account_type_expense_de;
chart_skr49_6800;chart_skr49_K6G1B1;6800;Sonstige betriebliche Aufwendungen;other;account_type_expense_de;
chart_skr49_6805;chart_skr49_K6G1B1;6805;Bewirtungskosten;other;account_type_expense_de;
chart_skr49_6810;chart_skr49_K6G1B1;6810;Reisekosten;other;account_type_expense_de;
chart_skr49_6815;chart_skr49_K6G1B1;6815;Reisekosten Arbeitnehmer Verpflegungsmehraufwand;other;account_type_expense_de;
chart_skr49_6820;chart_skr49_K6G1B1;6820;Reisekosten Arbeitnehmer;other;account_type_expense_de;
chart_skr49_6825;chart_skr49_K6G1B1;6825;Km-Geld-Erstattung;other;account_type_expense_de;
chart_skr49_6830;chart_skr49_K6G1B1;6830;Gebäudekosten;other;account_type_expense_de;
chart_skr49_6831;chart_skr49_K6G1B1;6831;Strom;other;account_type_expense_de;
chart_skr49_6832;chart_skr49_K6G1B1;6832;Wasser;other;account_type_expense_de;
chart_skr49_6833;chart_skr49_K6G1B1;6833;Gas, Heizung;other;account_type_expense_de;
chart_skr49_6834;chart_skr49_K6G1B1;6834;Sonstige Raumkosten;other;account_type_expense_de;
chart_skr49_6835;chart_skr49_K6G1B1;6835;Gema-Gebühren;other;account_type_expense_de;
chart_skr49_6839;chart_skr49_K6G1B1;6839;Miete, Pacht;other;account_type_expense_de;
chart_skr49_6840;chart_skr49_K6G1B1;6840;Verwaltungskosten;other;account_type_expense_de;
chart_skr49_6841;chart_skr49_K6G1B1;6841;Porto, Telefon, Bürobedarf;other;account_type_expense_de;
chart_skr49_6845;chart_skr49_K6G1B1;6845;Geschenke abzugsfähig;other;account_type_expense_de;
chart_skr49_6850;chart_skr49_K6G1B1;6850;Fahrzeuge, Transportmittel;other;account_type_expense_de;
chart_skr49_6853;chart_skr49_K6G1B1;6853;Versicherungen;other;account_type_expense_de;
chart_skr49_6855;chart_skr49_K6G1B1;6855;Verrechnete/aufgeteilte Kosten;other;account_type_expense_de;
chart_skr49_6860;chart_skr49_K6G1B1;6860;Anteilige Zinsaufwendungen;other;account_type_expense_de;
chart_skr49_6862;chart_skr49_K6G1B1;6862;Einstellungen in steuerliche Rücklagen;other;account_type_expense_de;
chart_skr49_6863;chart_skr49_K6G1B1;6863;Anlagenabgänge Restbuchwerte;other;account_type_expense_de;
chart_skr49_6864;chart_skr49_K6G1B1;6864;Steuerberatungskosten;other;account_type_expense_de;
chart_skr49_6865;chart_skr49_K6G1B1;6865;Anteilige Umsatzsteuerzahlungen;other;account_type_expense_de;
chart_skr49_6875;chart_skr49_K6G1B1;6875;Abziehbare Vorsteuer;other;account_type_expense_de;
chart_skr49_6877;chart_skr49_K6G1B1;6877;Nicht abziehbare Vorsteuer;other;account_type_expense_de;
chart_skr49_6880;chart_skr49_K6G1B1;6880;Aufzuteilende Vorsteuer;other;account_type_expense_de;
chart_skr49_6885;chart_skr49_K6G1B1;6885;Aufzuteilende Posten Teilbereich 6500;other;account_type_expense_de;
chart_skr49_6890;chart_skr49_K6G1B1;6890;Unmittelbare Kosten des Unterrichts;other;account_type_expense_de;
chart_skr49_6895;chart_skr49_K6G1B1;6895;Unmittelbare Kosten Darbietungen Jugendlicher und Erwachsener;other;account_type_expense_de;
chart_skr49_6950;chart_skr49_K6G1B1;6950;Zinsen und ähnliche Aufwendungen;other;account_type_expense_de;
chart_skr49_6960;chart_skr49_K6G1B1;6960;Außerordentliche Erträge;other;account_type_expense_de;
chart_skr49_6965;chart_skr49_K6G1B1;6965;Außerordentliche Aufwendungen;other;account_type_expense_de;
chart_skr49_6975;chart_skr49_K6G1B1;6975;Sonstige Steuern;other;account_type_expense_de;
chart_skr49_K6G2;chart_skr49_K6;K6G2;Ergebnisumbuchung nach 8980;view;account.account_type_view;
chart_skr49_6990;chart_skr49_K6G2;6990;Umgebuchte Einnahmen Bereich 6000 (Gegenkonto 8980);other;account.account_type_other;
chart_skr49_6992;chart_skr49_K6G2;6992;Umgebuchte Ausgaben Bereich 6000 (Gegenkonto 8990);other;account.account_type_other;
chart_skr49_K8G0;chart_skr49_K8;K8G0;sonstige Geschäftsbetriebe 1;view;account.account_type_view;
chart_skr49_K8G0B0;chart_skr49_K8G0;K8G0B0;Einnahmen / Erträge;view;account.account_type_view;
chart_skr49_8000;chart_skr49_K8G0B0;8000;Einnahmen aus Umsatzerlösen;other;account_type_income_de;
chart_skr49_8002;chart_skr49_K8G0B0;8002;Eintrittsgelder aus geselligen Veranstaltungen;other;account_type_income_de;
chart_skr49_8004;chart_skr49_K8G0B0;8004;Erlöse aus Handelswaren;other;account_type_income_de;
chart_skr49_8006;chart_skr49_K8G0B0;8006;Erlöse aus Leistungen;other;account_type_income_de;
chart_skr49_8008;chart_skr49_K8G0B0;8008;Erlöse aus Leihgebühren;other;account_type_income_de;
chart_skr49_8010;chart_skr49_K8G0B0;8010;Erlöse aus Geldspielautomaten;other;account_type_income_de;
chart_skr49_8012;chart_skr49_K8G0B0;8012;Einnahmen aus Werbung Reklameflächen;other;account_type_income_de;
chart_skr49_8014;chart_skr49_K8G0B0;8014;Anzeigengeschäfte (z. B. Vereinszeitschrift, Programm);other;account_type_income_de;
chart_skr49_8016;chart_skr49_K8G0B0;8016;Sonstige Werbeeinnahmen;other;account_type_income_de;
chart_skr49_8018;chart_skr49_K8G0B0;8018;Kurzfristige Benutzungsgebühren von Nichtmitgliedern;other;account_type_income_de;
chart_skr49_8020;chart_skr49_K8G0B0;8020;Erlöse umsatzsteuerfrei § 4 Nr. 7 ff UStG;other;account_type_income_de;
chart_skr49_8022;chart_skr49_K8G0B0;8022;Einnahmen aus steuerschädlichen Lotterien und Ausspielungen § 4 Nr. 9b UStG;other;account_type_income_de;
chart_skr49_8024;chart_skr49_K8G0B0;8024;Erlöse umsatzsteuerfrei § 4 Nr. 1-6 UStG;other;account_type_income_de;
chart_skr49_8026;chart_skr49_K8G0B0;8026;Erlöse 7% Umsatzsteuer;other;account_type_income_de;
chart_skr49_8028;chart_skr49_K8G0B0;8028;Erlöse Speisen/Getränke 7% USt (kein Verzehr an Ort und Stelle);other;account_type_income_de;
chart_skr49_8030;chart_skr49_K8G0B0;8030;Erlöse 19% USt;other;account_type_income_de;
chart_skr49_8032;chart_skr49_K8G0B0;8032;Erlöse 19% USt Vereinsgaststätte uä;other;account_type_income_de;
chart_skr49_8034;chart_skr49_K8G0B0;8034;Erlöse Speisen/Getränke außerhalb Gaststätte 19 % USt;other;account_type_income_de;
chart_skr49_8036;chart_skr49_K8G0B0;8036;Erlöse Festzeltbetrieb 19 % USt;other;account_type_income_de;
chart_skr49_8038;chart_skr49_K8G0B0;8038;Getränkeumsatz;other;account_type_income_de;
chart_skr49_8042;chart_skr49_K8G0B0;8042;Verrechnungskonto Geldspielautomaten;other;account_type_income_de;
chart_skr49_8044;chart_skr49_K8G0B0;8044;Provisionserlöse;other;account_type_income_de;
chart_skr49_8046;chart_skr49_K8G0B0;8046;Erlösschmälerungen;other;account_type_income_de;
chart_skr49_8047;chart_skr49_K8G0B0;8047;Gewährte Skonti;other;account_type_income_de;
chart_skr49_8048;chart_skr49_K8G0B0;8048;Nicht steuerbare Umsätze;other;account_type_income_de;
chart_skr49_8050;chart_skr49_K8G0B0;8050;Umsatzsteuervergütungen;other;account_type_income_de;
chart_skr49_8052;chart_skr49_K8G0B0;8052;Unentgeltliche Wertabgaben;other;account_type_income_de;
chart_skr49_8054;chart_skr49_K8G0B0;8054;Entnahme von Gegenständen § 3/1b/1 UStG (Waren);other;account_type_income_de;
chart_skr49_8056;chart_skr49_K8G0B0;8056;Unentgeltliche Zuwendung Gegenstände § 3/1b/2, 3 UStG;other;account_type_income_de;
chart_skr49_8090;chart_skr49_K8G0B0;8090;Bestandsveränderung;other;account_type_income_de;
chart_skr49_8095;chart_skr49_K8G0B0;8095;Andere aktivierte Eigenleistungen;other;account_type_income_de;
chart_skr49_8100;chart_skr49_K8G0B0;8100;Sonstige betriebliche Erträge;other;account_type_income_de;
chart_skr49_8102;chart_skr49_K8G0B0;8102;Erlöse Verkauf Anlagevermögen Teilbereich 8001;other;account_type_income_de;
chart_skr49_8104;chart_skr49_K8G0B0;8104;Verwendung von Gegenständen § 3/9a/1 UStG;other;account_type_income_de;
chart_skr49_8106;chart_skr49_K8G0B0;8106;Unentgeltliche Leistungserbringung § 3/9a/1 UStG;other;account_type_income_de;
chart_skr49_8108;chart_skr49_K8G0B0;8108;Erlöse Abfallverwertung;other;account_type_income_de;
chart_skr49_8110;chart_skr49_K8G0B0;8110;Erlöse Leergut;other;account_type_income_de;
chart_skr49_8112;chart_skr49_K8G0B0;8112;Anteilige/verrechnete Einnahmen;other;account_type_income_de;
chart_skr49_8114;chart_skr49_K8G0B0;8114;Erhaltene Zinsen auf Betriebsteuern;other;account_type_income_de;
chart_skr49_8130;chart_skr49_K8G0B0;8130;Erträge aus der Auflösung einer steuerlichen Rücklage;other;account_type_income_de;
chart_skr49_8140;chart_skr49_K8G0B0;8140;Zuschreibungen;other;account_type_income_de;
chart_skr49_K8G0B1;chart_skr49_K8G0;K8G0B1;Ausgaben / Aufwendungen;view;account.account_type_view;
chart_skr49_8150;chart_skr49_K8G0B1;8150;Wareneinkauf;other;account_type_expense_de;
chart_skr49_8152;chart_skr49_K8G0B1;8152;Wareneingang 7% Vorsteuer;other;account_type_expense_de;
chart_skr49_8154;chart_skr49_K8G0B1;8154;Wareneingang 19% Vorsteuer;other;account_type_expense_de;
chart_skr49_8156;chart_skr49_K8G0B1;8156;Handelswaren;other;account_type_expense_de;
chart_skr49_8158;chart_skr49_K8G0B1;8158;Tatsächliche Kosten Altpapiersammlungen;other;account_type_expense_de;
chart_skr49_8160;chart_skr49_K8G0B1;8160;Tatsächliche Kosten Altmaterialsammlungen;other;account_type_expense_de;
chart_skr49_8162;chart_skr49_K8G0B1;8162;Ausgabenpauschale 95% Altpapier (Gegenkonto 3895);other;account_type_expense_de;
chart_skr49_8164;chart_skr49_K8G0B1;8164;Ausgabenpauschale 80% Altmaterial (Gegenkonto 3895);other;account_type_expense_de;
chart_skr49_8166;chart_skr49_K8G0B1;8166;Ertrag aus Stornokosten Altpapier/Altmaterial;other;account_type_expense_de;
chart_skr49_8168;chart_skr49_K8G0B1;8168;Rohstoffe;other;account_type_expense_de;
chart_skr49_8170;chart_skr49_K8G0B1;8170;Hilfs- und Betriebsstoffe;other;account_type_expense_de;
chart_skr49_8172;chart_skr49_K8G0B1;8172;Bezugs- und Nebenkosten;other;account_type_expense_de;
chart_skr49_8174;chart_skr49_K8G0B1;8174;Erhaltene Skonti;other;account_type_expense_de;
chart_skr49_8200;chart_skr49_K8G0B1;8200;Fremdleistungen;other;account_type_expense_de;
chart_skr49_8210;chart_skr49_K8G0B1;8210;Löhne und Gehälter;other;account_type_expense_de;
chart_skr49_8212;chart_skr49_K8G0B1;8212;Aushilfslöhne;other;account_type_expense_de;
chart_skr49_8214;chart_skr49_K8G0B1;8214;Bedienungsgelder;other;account_type_expense_de;
chart_skr49_8230;chart_skr49_K8G0B1;8230;Sozialversicherungsbeiträge;other;account_type_expense_de;
chart_skr49_8232;chart_skr49_K8G0B1;8232;Abgeführte Lohnsteuer;other;account_type_expense_de;
chart_skr49_8235;chart_skr49_K8G0B1;8235;Abgaben für Altersversorgung;other;account_type_expense_de;
chart_skr49_8240;chart_skr49_K8G0B1;8240;Abschreibungen Anlagevermögen;other;account_type_expense_de;
chart_skr49_8242;chart_skr49_K8G0B1;8242;Abschreibungen GWG;other;account_type_expense_de;
chart_skr49_8243;chart_skr49_K8G0B1;8243;Abschreibungen auf Sammelposten Wirtschaftsgüter;other;account_type_expense_de;
chart_skr49_8244;chart_skr49_K8G0B1;8244;Anlagenabgänge/Restbuchwerte;other;account_type_expense_de;
chart_skr49_8246;chart_skr49_K8G0B1;8246;Kalkulatorische Abschreibungen;other;account_type_expense_de;
chart_skr49_8270;chart_skr49_K8G0B1;8270;Umlaufvermögen, unüblich hoch;other;account_type_expense_de;
chart_skr49_8300;chart_skr49_K8G0B1;8300;Anteilige Raumkosten;other;account_type_expense_de;
chart_skr49_8302;chart_skr49_K8G0B1;8302;Miete, Pacht;other;account_type_expense_de;
chart_skr49_8303;chart_skr49_K8G0B1;8303;Strom;other;account_type_expense_de;
chart_skr49_8304;chart_skr49_K8G0B1;8304;Wasser;other;account_type_expense_de;
chart_skr49_8305;chart_skr49_K8G0B1;8305;Gas, Heizung;other;account_type_expense_de;
chart_skr49_8306;chart_skr49_K8G0B1;8306;Reinigungskosten;other;account_type_expense_de;
chart_skr49_8308;chart_skr49_K8G0B1;8308;Verwaltungskosten;other;account_type_expense_de;
chart_skr49_8310;chart_skr49_K8G0B1;8310;Büromaterial;other;account_type_expense_de;
chart_skr49_8312;chart_skr49_K8G0B1;8312;Porto;other;account_type_expense_de;
chart_skr49_8313;chart_skr49_K8G0B1;8313;Telefon;other;account_type_expense_de;
chart_skr49_8314;chart_skr49_K8G0B1;8314;Zinsen, Bankspesen;other;account_type_expense_de;
chart_skr49_8316;chart_skr49_K8G0B1;8316;Gewerbesteuer;other;account_type_expense_de;
chart_skr49_8318;chart_skr49_K8G0B1;8318;Versicherungen, Beiträge;other;account_type_expense_de;
chart_skr49_8320;chart_skr49_K8G0B1;8320;Sonstige Abgaben;other;account_type_expense_de;
chart_skr49_8322;chart_skr49_K8G0B1;8322;Fahrzeugkosten;other;account_type_expense_de;
chart_skr49_8324;chart_skr49_K8G0B1;8324;Pkw-Kosten;other;account_type_expense_de;
chart_skr49_8326;chart_skr49_K8G0B1;8326;Garagenmieten;other;account_type_expense_de;
chart_skr49_8327;chart_skr49_K8G0B1;8327;Mietleasing Kfz;other;account_type_expense_de;
chart_skr49_8328;chart_skr49_K8G0B1;8328;Fremdfahrzeuge;other;account_type_expense_de;
chart_skr49_8330;chart_skr49_K8G0B1;8330;Werbe- und Reisekosten;other;account_type_expense_de;
chart_skr49_8332;chart_skr49_K8G0B1;8332;Geschenke abzugsfähig;other;account_type_expense_de;
chart_skr49_8334;chart_skr49_K8G0B1;8334;Bewirtungskosten 80%-Anteil;other;account_type_expense_de;
chart_skr49_8336;chart_skr49_K8G0B1;8336;Reisekosten Arbeitnehmer;other;account_type_expense_de;
chart_skr49_8338;chart_skr49_K8G0B1;8338;Reisekosten Arbeitnehmer Verpflegungsmehraufwand;other;account_type_expense_de;
chart_skr49_8340;chart_skr49_K8G0B1;8340;Reisekosten Arbeitnehmer;other;account_type_expense_de;
chart_skr49_8342;chart_skr49_K8G0B1;8342;Km-Geld-Erstattung;other;account_type_expense_de;
chart_skr49_8370;chart_skr49_K8G0B1;8370;Einstellungen in steuerliche Rücklagen;other;account_type_expense_de;
chart_skr49_8373;chart_skr49_K8G0B1;8373;Anlagenabgänge Restbuchwerte;other;account_type_expense_de;
chart_skr49_8374;chart_skr49_K8G0B1;8374;Steuerberatungskosten;other;account_type_expense_de;
chart_skr49_8378;chart_skr49_K8G0B1;8378;Anteilige Umsatzsteuerzahlungen;other;account_type_expense_de;
chart_skr49_8380;chart_skr49_K8G0B1;8380;Aufzuteilende Vorsteuer;other;account_type_expense_de;
chart_skr49_8382;chart_skr49_K8G0B1;8382;Abziehbare Vorsteuer;other;account_type_expense_de;
chart_skr49_8384;chart_skr49_K8G0B1;8384;Nicht abziehbare Vorsteuer;other;account_type_expense_de;
chart_skr49_8400;chart_skr49_K8G0B1;8400;Erträge aus Beteiligungen;other;account_type_expense_de;
chart_skr49_8410;chart_skr49_K8G0B1;8410;Erträge aus anderen Wertpapieren;other;account_type_expense_de;
chart_skr49_8420;chart_skr49_K8G0B1;8420;Sonstige Zinsen und ähnliche Erträge;other;account_type_expense_de;
chart_skr49_8430;chart_skr49_K8G0B1;8430;Abschreibungen auf Finanzanlagen;other;account_type_expense_de;
chart_skr49_8440;chart_skr49_K8G0B1;8440;Zinsen und ähnliche Aufwendungen;other;account_type_expense_de;
chart_skr49_8450;chart_skr49_K8G0B1;8450;Außerordentliche Erträge;other;account_type_expense_de;
chart_skr49_8460;chart_skr49_K8G0B1;8460;Außerordentliche Aufwendungen;other;account_type_expense_de;
chart_skr49_8480;chart_skr49_K8G0B1;8480;Sonstige Steuern;other;account_type_expense_de;
chart_skr49_K8G1;chart_skr49_K8;K8G1;sonstige Geschäftsbetriebe 2;view;account.account_type_view;
chart_skr49_K8G1B0;chart_skr49_K8G1;K8G1B0;Einnahmen / Erträge;view;account.account_type_view;
chart_skr49_8500;chart_skr49_K8G1B0;8500;Umsatzerlöse;other;account_type_income_de;
chart_skr49_8590;chart_skr49_K8G1B0;8590;Bestandsveränderungen;other;account_type_income_de;
chart_skr49_8595;chart_skr49_K8G1B0;8595;Andere aktivierte Eigenleistungen;other;account_type_income_de;
chart_skr49_8600;chart_skr49_K8G1B0;8600;Sonstige betriebliche Erträge;other;account_type_income_de;
chart_skr49_8622;chart_skr49_K8G1B0;8622;Verkaufserlöse Anlagevermögen;other;account_type_income_de;
chart_skr49_8630;chart_skr49_K8G1B0;8630;Erträge aus der Auflösung einer steuerlichen Rücklage;other;account_type_income_de;
chart_skr49_8640;chart_skr49_K8G1B0;8640;Zuschreibungen;other;account_type_income_de;
chart_skr49_K8G1B1;chart_skr49_K8G1;K8G1B1;Ausgaben / Aufwendungen;view;account.account_type_view;
chart_skr49_8650;chart_skr49_K8G1B1;8650;Aufwendungen für RHB/bezogene Waren;other;account_type_expense_de;
chart_skr49_8700;chart_skr49_K8G1B1;8700;Aufwendungen für bezogene Leistungen;other;account_type_expense_de;
chart_skr49_8710;chart_skr49_K8G1B1;8710;Löhne und Gehälter;other;account_type_expense_de;
chart_skr49_8720;chart_skr49_K8G1B1;8720;Sozialversicherungsbeiträge;other;account_type_expense_de;
chart_skr49_8735;chart_skr49_K8G1B1;8735;Abgaben für Altersversorgung;other;account_type_expense_de;
chart_skr49_8740;chart_skr49_K8G1B1;8740;Abschreibungen Anlagevermögen;other;account_type_expense_de;
chart_skr49_8745;chart_skr49_K8G1B1;8745;Abschreibungen GWG;other;account_type_expense_de;
chart_skr49_8746;chart_skr49_K8G1B1;8746;Abschreibungen auf Sammelposten Wirtschaftsgüter;other;account_type_expense_de;
chart_skr49_8770;chart_skr49_K8G1B1;8770;Umlaufvermögen, unüblich hoch;other;account_type_expense_de;
chart_skr49_8800;chart_skr49_K8G1B1;8800;Sonstige betriebliche Aufwendungen;other;account_type_expense_de;
chart_skr49_8830;chart_skr49_K8G1B1;8830;Einstellungen in steuerliche Rücklagen;other;account_type_expense_de;
chart_skr49_8833;chart_skr49_K8G1B1;8833;Anlagenabgänge Restbuchwerte;other;account_type_expense_de;
chart_skr49_8834;chart_skr49_K8G1B1;8834;Steuerberatungskosten;other;account_type_expense_de;
chart_skr49_8838;chart_skr49_K8G1B1;8838;Anteilige Umsatzsteuerzahlungen;other;account_type_expense_de;
chart_skr49_8840;chart_skr49_K8G1B1;8840;Aufzuteilende Vorsteuer;other;account_type_expense_de;
chart_skr49_8842;chart_skr49_K8G1B1;8842;Abziehbare Vorsteuer;other;account_type_expense_de;
chart_skr49_8844;chart_skr49_K8G1B1;8844;Nicht abziehbare Vorsteuer;other;account_type_expense_de;
chart_skr49_8850;chart_skr49_K8G1B1;8850;Erträge aus Beteiligungen;other;account_type_expense_de;
chart_skr49_8860;chart_skr49_K8G1B1;8860;Erträge aus anderen Wertpapieren;other;account_type_expense_de;
chart_skr49_8870;chart_skr49_K8G1B1;8870;Sonstige Zinsen und ähnliche Erträge;other;account_type_expense_de;
chart_skr49_8880;chart_skr49_K8G1B1;8880;Abschreibungen auf Finanzanlagen;other;account_type_expense_de;
chart_skr49_8890;chart_skr49_K8G1B1;8890;Zinsen und ähnliche Aufwendungen;other;account_type_expense_de;
chart_skr49_8900;chart_skr49_K8G1B1;8900;Außerordentliche Erträge;other;account_type_expense_de;
chart_skr49_8910;chart_skr49_K8G1B1;8910;Außerordentliche Aufwendungen;other;account_type_expense_de;
chart_skr49_8930;chart_skr49_K8G1B1;8930;Sonstige Steuern;other;account_type_expense_de;
chart_skr49_K8G2;chart_skr49_K8;K8G2;ertragssteuerpflichtig gewordene Zweckbetriebe;view;account.account_type_view;
chart_skr49_8980;chart_skr49_K8G2;8980;Umgebuchte Einnahmen bisheriger Zweckbetrieb;other;account.account_type_other;
chart_skr49_8985;chart_skr49_K8G2;8985;Erlöse 19% USt;other;account.account_type_other;
chart_skr49_8986;chart_skr49_K8G2;8986;Aufwand aus Storno Erlöse 7 % USt;other;account.account_type_other;
chart_skr49_8987;chart_skr49_K8G2;8987;Gegenkonto zu 8985/8986;other;account.account_type_other;
chart_skr49_8990;chart_skr49_K8G2;8990;Umgebuchte Ausgaben bisheriger Zweckbetrieb;other;account.account_type_other;
chart_skr49_K9G0;chart_skr49_K9;K9G0;statistische Konten;view;account.account_type_view;
chart_skr49_9000;chart_skr49_K9G0;9000;Saldovorträge Sachkonten;other;account.account_type_other;
chart_skr49_9008;chart_skr49_K9G0;9008;Saldovorträge Debitoren;other;account.account_type_other;
chart_skr49_9009;chart_skr49_K9G0;9009;Saldovorträge Kreditoren;other;account.account_type_other;
chart_skr49_9060;chart_skr49_K9G0;9060;Offene Posten aus 1990;other;account.account_type_other;
chart_skr49_9070;chart_skr49_K9G0;9070;Offene Posten aus 2000;other;account.account_type_other;
chart_skr49_9071;chart_skr49_K9G0;9071;Offene Posten aus 2001;other;account.account_type_other;
chart_skr49_9072;chart_skr49_K9G0;9072;Offene Posten aus 2002;other;account.account_type_other;
chart_skr49_9073;chart_skr49_K9G0;9073;Offene Posten aus 2003;other;account.account_type_other;
chart_skr49_9074;chart_skr49_K9G0;9074;Offene Posten aus 2004;other;account.account_type_other;
chart_skr49_9075;chart_skr49_K9G0;9075;Offene Posten aus 2005;other;account.account_type_other;
chart_skr49_9076;chart_skr49_K9G0;9076;Offene Posten aus 2006;other;account.account_type_other;
chart_skr49_9077;chart_skr49_K9G0;9077;Offene Posten aus 2007;other;account.account_type_other;
chart_skr49_9078;chart_skr49_K9G0;9078;Offene Posten aus 2008;other;account.account_type_other;
chart_skr49_9079;chart_skr49_K9G0;9079;Offene Posten aus 2009;other;account.account_type_other;
chart_skr49_9080;chart_skr49_K9G0;9080;Offene Posten aus 2010;other;account.account_type_other;
chart_skr49_9081;chart_skr49_K9G0;9081;Offene Posten aus 2011;other;account.account_type_other;
chart_skr49_9082;chart_skr49_K9G0;9082;Offene Posten aus 2012;other;account.account_type_other;
chart_skr49_9083;chart_skr49_K9G0;9083;Offene Posten aus 2013;other;account.account_type_other;
chart_skr49_9084;chart_skr49_K9G0;9084;Offene Posten aus 2014;other;account.account_type_other;
chart_skr49_9085;chart_skr49_K9G0;9085;Offene Posten aus 2015;other;account.account_type_other;
chart_skr49_9086;chart_skr49_K9G0;9086;Offene Posten aus 2016;other;account.account_type_other;
chart_skr49_9090;chart_skr49_K9G0;9090;Summenvortragskonto;other;account.account_type_other;
chart_skr49_9091;chart_skr49_K9G0;9091;Offene Posten aus 1991;other;account.account_type_other;
chart_skr49_9092;chart_skr49_K9G0;9092;Offene Posten aus 1992;other;account.account_type_other;
chart_skr49_9093;chart_skr49_K9G0;9093;Offene Posten aus 1993;other;account.account_type_other;
chart_skr49_9094;chart_skr49_K9G0;9094;Offene Posten aus 1994;other;account.account_type_other;
chart_skr49_9095;chart_skr49_K9G0;9095;Offene Posten aus 1995;other;account.account_type_other;
chart_skr49_9096;chart_skr49_K9G0;9096;Offene Posten aus 1996;other;account.account_type_other;
chart_skr49_9097;chart_skr49_K9G0;9097;Offene Posten aus 1997;other;account.account_type_other;
chart_skr49_9098;chart_skr49_K9G0;9098;Offene Posten aus 1998;other;account.account_type_other;
chart_skr49_9099;chart_skr49_K9G0;9099;Offene Posten aus 1999;other;account.account_type_other;
chart_skr49_9240;chart_skr49_K9G0;9240;Investitionsverbindlichkeiten bei den Leistungsverbindlichkeiten;other;account.account_type_other;
chart_skr49_9241;chart_skr49_K9G0;9241;Investitionsverbindlichkeiten aus Sachanlagenkäufen bei Leistungsverbindlichkeiten;other;account.account_type_other;
chart_skr49_9242;chart_skr49_K9G0;9242;Investitionsverbindlichkeiten aus Käufen von immateriellen Vermögensgegenständen bei Leistungsverbindlichkeiten;other;account.account_type_other;
chart_skr49_9243;chart_skr49_K9G0;9243;Investitionsverbindlichkeiten aus Käufen von Finanzanlagen bei Leistungsverbindlichkeiten;other;account.account_type_other;
chart_skr49_9244;chart_skr49_K9G0;9244;Gegenkonto zu Konten 9240-9243;other;account.account_type_other;
chart_skr49_9245;chart_skr49_K9G0;9245;Forderungen aus Sachanlagenverkäufen bei sonstigen Vermögensgegenständen;other;account.account_type_other;
chart_skr49_9246;chart_skr49_K9G0;9246;Forderungen aus Verkäufen immaterieller Vermögensgegenstände bei sonstigen Vermögensgegenständen;other;account.account_type_other;
chart_skr49_9247;chart_skr49_K9G0;9247;Forderungen aus Verkäufen von Finanzanlagen bei sonstigen Vermögensgegenständen;other;account.account_type_other;
chart_skr49_9249;chart_skr49_K9G0;9249;Gegenkonto zu Konten 9245-9247;other;account.account_type_other;
chart_skr49_K9G1;chart_skr49_K9;K9G1;statistische Konten für in der Bilanz auszuweisende Haftungsverhältnisse;view;account.account_type_view;
chart_skr49_9270;chart_skr49_K9G1;9270;Gegenkonto zu Konten 9273-9279 (Soll-Buchung);other;account.account_type_other;
chart_skr49_9273;chart_skr49_K9G1;9273;Verbindlichkeiten aus Bürgschaften, Wechsel- und Scheckbürgschaften;other;account.account_type_other;
chart_skr49_9279;chart_skr49_K9G1;9279;Verpflichtungen aus Treuhandvermögen;other;account.account_type_other;
chart_skr49_K9G2;chart_skr49_K9;K9G2;statistische Konten für Gewinnzuschlag;view;account.account_type_view;
chart_skr49_9490;chart_skr49_K9G2;9490;Statistisches Konto für den Gewinnzuschlag nach §§ 6b, 6c und 7g a.F. EStG (Haben);other;account.account_type_other;
chart_skr49_9491;chart_skr49_K9G2;9491;Statistisches Konto für den Gewinnzuschlag nach §§ 6b, 6c und 7g a.F. EStG (Soll) - Gegenkonto zu 9490;other;account.account_type_other;
chart_skr49_K9G3;chart_skr49_K9;K9G3;statistische Werte für Anlage EÜR;view;account.account_type_view;
chart_skr49_9500;chart_skr49_K9G3;9500;Forderungen aus Lieferungen und Leistungen zum allgemeinen Umsatzsteuersatz oder eines Kleinunternehmers;other;account.account_type_other;
chart_skr49_9501;chart_skr49_K9G3;9501;Forderungen aus Lieferungen und Leistungen zum ermäßigten Umsatzsteuersatz;other;account.account_type_other;
chart_skr49_9502;chart_skr49_K9G3;9502;Forderungen aus steuerfreien oder nicht steuerbaren Lieferungen und Leistungen;other;account.account_type_other;
chart_skr49_9505;chart_skr49_K9G3;9505;Verbindlichkeiten aus Lieferungen und Leistungen zum allgemeinen Umsatzsteuersatz;other;account.account_type_other;
chart_skr49_9506;chart_skr49_K9G3;9506;Verbindlichkeiten aus Lieferungen und Leistungen zum ermäßigten Umsatzsteuersatz;other;account.account_type_other;
chart_skr49_9507;chart_skr49_K9G3;9507;Verbindlichkeiten aus Lieferungen und Leistungen ohne Vorsteuer;other;account.account_type_other;
chart_skr49_9510;chart_skr49_K9G3;9510;Erlöse zum allgemeinen Umsatzsteuersatz;other;account.account_type_other;
chart_skr49_9511;chart_skr49_K9G3;9511;Erlöse zum ermäßigten Umsatzsteuersatz;other;account.account_type_other;
chart_skr49_9512;chart_skr49_K9G3;9512;Erlöse steuerfrei und nicht steuerbar;other;account.account_type_other;
chart_skr49_9515;chart_skr49_K9G3;9515;Wareneinkauf zum allgemeinen Umsatzsteuersatz;other;account.account_type_other;
chart_skr49_9516;chart_skr49_K9G3;9516;Wareneinkauf zum ermäßigten Umsatzsteuersatz;other;account.account_type_other;
chart_skr49_9517;chart_skr49_K9G3;9517;Wareneinkauf ohne Vorsteuerabzug;other;account.account_type_other;
chart_skr49_9520;chart_skr49_K9G3;9520;Abschreibungen auf Gebäude;other;account.account_type_other;
chart_skr49_9521;chart_skr49_K9G3;9521;Abschreibungen auf Kfz;other;account.account_type_other;
chart_skr49_9525;chart_skr49_K9G3;9525;Absetzung für außergewöhnliche technische und wirtschaftliche Abnutzung der Gebäude;other;account.account_type_other;
chart_skr49_9526;chart_skr49_K9G3;9526;Absetzung für außergewöhnliche technische und wirtschaftliche Abnutzung der Kfz;other;account.account_type_other;
chart_skr49_9527;chart_skr49_K9G3;9527;Absetzung für außergewöhnliche technische und wirtschaftliche Abnutzung sonstiger Wirtschaftsgüter;other;account.account_type_other;
chart_skr49_9530;chart_skr49_K9G3;9530;Sonderabschreibungen nach § 7g Abs. 1 und 2 EStG (ohne Kfz);other;account.account_type_other;
chart_skr49_9531;chart_skr49_K9G3;9531;Sonderabschreibungen nach § 7g Abs. 1 und 2 EStG (für Kfz);other;account.account_type_other;
chart_skr49_9535;chart_skr49_K9G3;9535;Umsatzsteuer in den Forderungen zum allgemeinen Umsatzsteuersatz;other;account.account_type_other;
chart_skr49_9536;chart_skr49_K9G3;9536;Umsatzsteuer in den Forderungen zum ermäßigten Umsatzsteuersatz;other;account.account_type_other;
chart_skr49_9540;chart_skr49_K9G3;9540;Vorsteuer in den Verbindlichkeiten zum allgemeinen Umsatzsteuersatz;other;account.account_type_other;
chart_skr49_9541;chart_skr49_K9G3;9541;Vorsteuer in den Verbindlichkeiten zum ermäßigten Umsatzsteuersatz;other;account.account_type_other;
chart_skr49_9599;chart_skr49_K9G3;9599;Gegenkonto zu 9500 bis 9598;other;account.account_type_other;
chart_skr49_9600;chart_skr49_K9G3;9600;Faktor pauschale Vorsteuer 7%;other;account.account_type_other;
chart_skr49_9620;chart_skr49_K9G3;9620;Fiktive Einnahmen aus Leistungen Dritter;other;account.account_type_other;
chart_skr49_9621;chart_skr49_K9G3;9621;Fiktive Ausgaben durch Zahlung Dritter;other;account.account_type_other;
chart_skr49_9630;chart_skr49_K9G3;9630;Nichtanzusetzende Einnahmen Klasse 7 und 8 (§ 64 III AO);other;account.account_type_other;
chart_skr49_9631;chart_skr49_K9G3;9631;Nichtanzusetzende Einnahmen Klasse 5 (§ 67a I AO);other;account.account_type_other;
chart_skr49_9632;chart_skr49_K9G3;9632;Hinzuzurechnende Einnahmen Klasse 7 und 8 (§ 64 III AO);other;account.account_type_other;
chart_skr49_9633;chart_skr49_K9G3;9633;Hinzuzurechnende Einnahmen Klasse 5 (§ 67a I AO);other;account.account_type_other;
chart_skr49_9650;chart_skr49_K9G3;9650;Umsatzsteuer Teilbereich 5001;other;account.account_type_other;
chart_skr49_9651;chart_skr49_K9G3;9651;Umsatzsteuer Klasse 7;other;account.account_type_other;
chart_skr49_9652;chart_skr49_K9G3;9652;Umsatzsteuer Klasse 8;other;account.account_type_other;
chart_skr49_9690;chart_skr49_K9G3;9690;Gegenkonto für statistische Buchungen;other;account.account_type_other;
chart_skr49_9800;chart_skr49_K9G3;9800;Lösch- und Korrekturschlüssel;other;account.account_type_other;
chart_skr49_9850;chart_skr49_K9G3;9850;Gegenkonto zu 9882 bis 9889 - für Vereinsergebnis/Stiftungsergebnis/ Jahresüberschuss;other;account.account_type_other;
chart_skr49_9860;chart_skr49_K9G3;9860;Gegenkonto zu 9882 bis 9889 - für Ergebnisvortrag/Mittelvortrag/ Bilanzgewinn;other;account.account_type_other;
chart_skr49_9882;chart_skr49_K9G3;9882;Ergebnisse Bereich 2000 und Teilbereich 3200;other;account.account_type_other;
chart_skr49_9884;chart_skr49_K9G3;9884;Ergebnisse Bereich 4000 und Teilbereich 3400;other;account.account_type_other;
chart_skr49_9885;chart_skr49_K9G3;9885;Ergebnisse Bereich 5000 und Teilbereich 3500;other;account.account_type_other;
chart_skr49_9886;chart_skr49_K9G3;9886;Ergebnisse Bereich 6000 und Teilbereich 3600;other;account.account_type_other;
chart_skr49_9887;chart_skr49_K9G3;9887;Ergebnisse Bereich 7000 und Teilbereich 3700;other;account.account_type_other;
chart_skr49_9888;chart_skr49_K9G3;9888;Ergebnisse Bereich 8000 und Teilbereich 3800;other;account.account_type_other;
chart_skr49_9889;chart_skr49_K9G3;9889;Ergebnisvorträge allgemein;other;account.account_type_other;
chart_skr49_9970;chart_skr49_K9G3;9970;Investitionsabzugsbetrag § 7g Abs. 1 EStG, außerbilanziell (Soll);other;account.account_type_other;
chart_skr49_9971;chart_skr49_K9G3;9971;Investitionsabzugsbetrag § 7g Abs. 1 EStG, außerbilanziell (Haben) - Gegenkonto zu 9970;other;account.account_type_other;
chart_skr49_9972;chart_skr49_K9G3;9972;Hinzurechnung Investitionsabzugsbetrag § 7g Abs. 2 EStG, außerbilanziell (Haben);other;account.account_type_other;
chart_skr49_9973;chart_skr49_K9G3;9973;Hinzurechnung Investitionsabzugsbetrag § 7g Abs. 2 EStG, außerbilanziell (Soll) - Gegenkonto zu 9972;other;account.account_type_other;
chart_skr49_9974;chart_skr49_K9G3;9974;Rückgängigmachung § 7g Abs. 3, 4 EStG und Erhöhung Investitionsabzugsbetrag im früheren Abzugsjahr;other;account.account_type_other;
chart_skr49_9975;chart_skr49_K9G3;9975;Rückgängigmachung § 7g Abs. 3, 4 EStG und Erhöhung Investitionsabzugsbetrag im früheren Abzugsjahr Gegenkonto zu 9974;other;account.account_type_other;
chart_skr49_PERS;chart_skr49_skr49;PERS;Personenkonten;view;account.account_type_view;
chart_skr49_K10;chart_skr49_PERS;K10;Debitoren (Bereich 10000-69999);view;account.account_type_view;
chart_skr49_K70;chart_skr49_PERS;K70;Kreditoren (Bereich 70000-99999);view;account.account_type_view;
